-- MySQL dump 10.13  Distrib 8.0.42, for Win64 (x86_64)
--
-- Host: localhost    Database: yayfolk
-- ------------------------------------------------------
-- Server version	8.0.42

/*!40101 SET @OLD_CHARACTER_SET_CLIENT=@@CHARACTER_SET_CLIENT */;
/*!40101 SET @OLD_CHARACTER_SET_RESULTS=@@CHARACTER_SET_RESULTS */;
/*!40101 SET @OLD_COLLATION_CONNECTION=@@COLLATION_CONNECTION */;
/*!50503 SET NAMES utf8mb4 */;
/*!40103 SET @OLD_TIME_ZONE=@@TIME_ZONE */;
/*!40103 SET TIME_ZONE='+00:00' */;
/*!40014 SET @OLD_UNIQUE_CHECKS=@@UNIQUE_CHECKS, UNIQUE_CHECKS=0 */;
/*!40014 SET @OLD_FOREIGN_KEY_CHECKS=@@FOREIGN_KEY_CHECKS, FOREIGN_KEY_CHECKS=0 */;
/*!40101 SET @OLD_SQL_MODE=@@SQL_MODE, SQL_MODE='NO_AUTO_VALUE_ON_ZERO' */;
/*!40111 SET @OLD_SQL_NOTES=@@SQL_NOTES, SQL_NOTES=0 */;

--
-- Dumping data for table `activities`
--

LOCK TABLES `activities` WRITE;
/*!40000 ALTER TABLE `activities` DISABLE KEYS */;
/*!40000 ALTER TABLE `activities` ENABLE KEYS */;
UNLOCK TABLES;

--
-- Dumping data for table `activity_bookings`
--

LOCK TABLES `activity_bookings` WRITE;
/*!40000 ALTER TABLE `activity_bookings` DISABLE KEYS */;
/*!40000 ALTER TABLE `activity_bookings` ENABLE KEYS */;
UNLOCK TABLES;

--
-- Dumping data for table `attraction_images`
--

LOCK TABLES `attraction_images` WRITE;
/*!40000 ALTER TABLE `attraction_images` DISABLE KEYS */;
INSERT INTO `attraction_images` VALUES (1,7,'https://travelate.oss-cn-wuhan-lr.aliyuncs.com/attractions/images/7/3d617a56-8836-4262-b932-2a01e73e4cb6.jpg',1,'2026-03-17 06:05:31'),(2,7,'https://travelate.oss-cn-wuhan-lr.aliyuncs.com/attractions/images/7/11074744-1028-4544-b1fd-04a0e1d50e3d.jpg',2,'2026-03-17 06:05:31'),(3,7,'https://travelate.oss-cn-wuhan-lr.aliyuncs.com/attractions/images/7/2fe7f473-5a41-44f9-b6c7-9a9343137f75.jpg',3,'2026-03-17 06:05:31'),(4,7,'https://travelate.oss-cn-wuhan-lr.aliyuncs.com/attractions/images/7/01162e06-0efc-4303-9a1f-4b864fb9db15.jpg',4,'2026-03-17 06:05:31'),(5,7,'https://travelate.oss-cn-wuhan-lr.aliyuncs.com/attractions/images/7/e7570418-935f-4f66-8287-49a83dccb953.jpg',5,'2026-03-17 06:05:33'),(6,5,'https://travelate.oss-cn-wuhan-lr.aliyuncs.com/attractions/images/5/272295d6-d7ed-4a73-83c4-fd8684c5f099.jpg',1,'2026-03-17 06:56:41'),(7,5,'https://travelate.oss-cn-wuhan-lr.aliyuncs.com/attractions/images/5/7ca9e029-4e9a-4237-90f1-ef3e5fca0d32.jpg',1,'2026-03-17 07:09:05'),(8,5,'https://travelate.oss-cn-wuhan-lr.aliyuncs.com/attractions/images/5/b170813a-19c0-448f-99eb-3f2864b19317.jpg',3,'2026-03-17 07:09:41'),(9,5,'https://travelate.oss-cn-wuhan-lr.aliyuncs.com/attractions/images/5/303a42b1-ab4c-437e-80e7-814eead70fcc.jpg',4,'2026-03-17 07:09:41'),(10,5,'https://travelate.oss-cn-wuhan-lr.aliyuncs.com/attractions/images/5/9a4aa269-4db2-424a-84d4-57febb9b7267.jpg',5,'2026-03-17 07:09:41'),(11,6,'https://travelate.oss-cn-wuhan-lr.aliyuncs.com/attractions/images/6/6ce679fc-8cdc-4361-bb56-e1fc5f1fb10d.jpg',1,'2026-03-17 07:09:58'),(12,6,'https://travelate.oss-cn-wuhan-lr.aliyuncs.com/attractions/images/6/3ae9f5df-df60-4506-b021-ba150ceacf97.jpg',2,'2026-03-17 07:09:58'),(13,6,'https://travelate.oss-cn-wuhan-lr.aliyuncs.com/attractions/images/6/2956219d-116f-4799-94a5-6ea8d4a7df65.jpg',3,'2026-03-17 07:09:58'),(14,6,'https://travelate.oss-cn-wuhan-lr.aliyuncs.com/attractions/images/6/bd49c146-0cef-4d03-a541-920f6862124f.jpg',4,'2026-03-17 07:09:58'),(15,6,'https://travelate.oss-cn-wuhan-lr.aliyuncs.com/attractions/images/6/d9f002fc-3fe8-4fa6-9381-b88460b685a9.jpg',5,'2026-03-17 07:09:58'),(16,13,'https://travelate.oss-cn-wuhan-lr.aliyuncs.com/attractions/images/13/2336b14f-5262-45b1-b8fc-e0171eaf3faf.jpg',1,'2026-03-17 07:10:31'),(17,13,'https://travelate.oss-cn-wuhan-lr.aliyuncs.com/attractions/images/13/bcc91cc4-92c6-4280-9991-d74a5e84311b.jpg',2,'2026-03-17 07:10:31'),(18,13,'https://travelate.oss-cn-wuhan-lr.aliyuncs.com/attractions/images/13/b18d659e-f3eb-41ed-b566-a878f729956e.jpg',3,'2026-03-17 07:10:31'),(19,13,'https://travelate.oss-cn-wuhan-lr.aliyuncs.com/attractions/images/13/a0e598a9-9f02-47b5-9fee-f2a7643bdb65.jpg',4,'2026-03-17 07:10:31'),(20,13,'https://travelate.oss-cn-wuhan-lr.aliyuncs.com/attractions/images/13/9c26bb93-997e-48a8-b0b2-ee0faebd3fe5.jpg',5,'2026-03-17 07:10:31'),(21,13,'https://travelate.oss-cn-wuhan-lr.aliyuncs.com/attractions/images/13/a0cb9de8-ea42-44f2-a709-51f7e94afff2.jpg',6,'2026-03-17 07:10:31'),(22,10,'https://travelate.oss-cn-wuhan-lr.aliyuncs.com/attractions/images/10/3b2f6b5d-4c82-44e2-b874-e661bc3cffb1.jpg',1,'2026-03-17 07:11:21'),(23,10,'https://travelate.oss-cn-wuhan-lr.aliyuncs.com/attractions/images/10/f12d5000-d090-4a32-966d-4cb5a3404747.jpg',2,'2026-03-17 07:11:21'),(24,10,'https://travelate.oss-cn-wuhan-lr.aliyuncs.com/attractions/images/10/7fa64dcb-6550-4b08-801d-23fafe2c90ba.jpg',3,'2026-03-17 07:11:21'),(25,10,'https://travelate.oss-cn-wuhan-lr.aliyuncs.com/attractions/images/10/2a0874cb-37d4-4480-ac4d-442d57603122.jpg',4,'2026-03-17 07:11:21'),(26,15,'https://travelate.oss-cn-wuhan-lr.aliyuncs.com/attractions/images/15/c89cb923-6254-4940-80e3-1bbd3e56556a.jpg',1,'2026-03-17 07:11:21'),(27,15,'https://travelate.oss-cn-wuhan-lr.aliyuncs.com/attractions/images/15/08f1e23e-0904-49cf-ba8f-a9395d4b8a21.jpg',2,'2026-03-17 07:11:21'),(28,15,'https://travelate.oss-cn-wuhan-lr.aliyuncs.com/attractions/images/15/f8f903d9-2c83-4be0-afe7-e19b48382714.jpg',3,'2026-03-17 07:11:21'),(29,15,'https://travelate.oss-cn-wuhan-lr.aliyuncs.com/attractions/images/15/064b7f3b-fa15-4498-b78d-80186f7b3b85.jpg',4,'2026-03-17 07:11:21'),(30,15,'https://travelate.oss-cn-wuhan-lr.aliyuncs.com/attractions/images/15/4c6ebb1a-4bd5-4d26-9cf7-261b602c311a.jpg',5,'2026-03-17 07:11:21'),(31,8,'https://travelate.oss-cn-wuhan-lr.aliyuncs.com/attractions/images/8/4e88ec9f-89fe-4789-a076-13e105df1012.jpg',1,'2026-03-17 07:11:21'),(32,8,'https://travelate.oss-cn-wuhan-lr.aliyuncs.com/attractions/images/8/5ad6ca14-a014-4d31-ab0a-bd0b8507f045.jpg',2,'2026-03-17 07:11:21'),(33,8,'https://travelate.oss-cn-wuhan-lr.aliyuncs.com/attractions/images/8/f3db8bfb-91f6-4455-9e77-72a7249c3cf9.jpg',3,'2026-03-17 07:11:21'),(34,8,'https://travelate.oss-cn-wuhan-lr.aliyuncs.com/attractions/images/8/46b047cc-e34a-443f-a0b6-be07ec94e595.jpg',4,'2026-03-17 07:11:21'),(35,8,'https://travelate.oss-cn-wuhan-lr.aliyuncs.com/attractions/images/8/1e5f2e22-08f5-4906-a7b0-7b102c59b590.jpg',5,'2026-03-17 07:11:21'),(36,4,'https://travelate.oss-cn-wuhan-lr.aliyuncs.com/attractions/images/4/4d540f31-7654-4f0b-811c-d83d8ded37c7.jpg',1,'2026-03-17 07:11:21'),(37,4,'https://travelate.oss-cn-wuhan-lr.aliyuncs.com/attractions/images/4/993e8d92-45da-4d64-8cad-746ae6b17322.jpg',2,'2026-03-17 07:11:21'),(38,4,'https://travelate.oss-cn-wuhan-lr.aliyuncs.com/attractions/images/4/699cae92-daf4-4097-864f-d94837ef7f8f.jpg',3,'2026-03-17 07:11:21'),(39,4,'https://travelate.oss-cn-wuhan-lr.aliyuncs.com/attractions/images/4/85a7aa6e-0b44-40bf-8ecb-989a254fceb5.jpg',4,'2026-03-17 07:11:21'),(40,4,'https://travelate.oss-cn-wuhan-lr.aliyuncs.com/attractions/images/4/a241c175-e4f3-4afa-95a6-a8ec802060a6.jpg',5,'2026-03-17 07:11:21'),(41,12,'https://travelate.oss-cn-wuhan-lr.aliyuncs.com/attractions/images/12/a52b87fb-816b-4f16-a012-67e49cc1df35.jpg',1,'2026-03-17 07:11:21'),(42,12,'https://travelate.oss-cn-wuhan-lr.aliyuncs.com/attractions/images/12/7053a69e-0a27-4e8e-b814-ecd7384538fa.jpg',2,'2026-03-17 07:11:21'),(43,12,'https://travelate.oss-cn-wuhan-lr.aliyuncs.com/attractions/images/12/89b43e33-db1c-405c-aef4-e4605a69c383.jpg',3,'2026-03-17 07:11:21'),(44,12,'https://travelate.oss-cn-wuhan-lr.aliyuncs.com/attractions/images/12/8044fa04-d611-4fa2-bcf5-936656991079.jpg',4,'2026-03-17 07:11:21'),(45,12,'https://travelate.oss-cn-wuhan-lr.aliyuncs.com/attractions/images/12/d805e758-c53d-4cce-9151-9057b50c3f49.jpg',5,'2026-03-17 07:11:21'),(46,12,'https://travelate.oss-cn-wuhan-lr.aliyuncs.com/attractions/images/12/8ced3f37-c8ad-4b3d-a046-0e4b8b9bb18d.jpg',6,'2026-03-17 07:11:21'),(47,9,'https://travelate.oss-cn-wuhan-lr.aliyuncs.com/attractions/images/9/3075678a-0e32-4ad9-a416-ab90c98730fa.jpg',1,'2026-03-17 07:11:21'),(48,9,'https://travelate.oss-cn-wuhan-lr.aliyuncs.com/attractions/images/9/a1b9e489-18e8-45d3-b383-2c69a1a5767e.jpg',2,'2026-03-17 07:11:21'),(49,9,'https://travelate.oss-cn-wuhan-lr.aliyuncs.com/attractions/images/9/d84c8b62-0348-482f-b95b-becfd904f3ae.jpg',3,'2026-03-17 07:11:22'),(50,9,'https://travelate.oss-cn-wuhan-lr.aliyuncs.com/attractions/images/9/4008641a-b801-4429-9dc5-c0a317bc0d2c.jpg',4,'2026-03-17 07:11:22'),(51,9,'https://travelate.oss-cn-wuhan-lr.aliyuncs.com/attractions/images/9/da81b1e4-bcf9-416d-bcbe-0becc8e4c1d0.jpg',5,'2026-03-17 07:11:22'),(52,14,'https://travelate.oss-cn-wuhan-lr.aliyuncs.com/attractions/images/14/ed2f620e-9847-4177-bbf7-0195c5f7c20c.jpg',1,'2026-03-17 07:11:22'),(53,14,'https://travelate.oss-cn-wuhan-lr.aliyuncs.com/attractions/images/14/5f1b0b21-0d7d-4202-a108-c804d1b12f91.jpg',2,'2026-03-17 07:11:22'),(54,14,'https://travelate.oss-cn-wuhan-lr.aliyuncs.com/attractions/images/14/e4d49c46-b923-43fb-85f3-65295ad40591.jpg',3,'2026-03-17 07:11:22'),(55,14,'https://travelate.oss-cn-wuhan-lr.aliyuncs.com/attractions/images/14/976b3f13-aa51-4609-b64c-4a71250c0f73.jpg',4,'2026-03-17 07:11:22'),(56,14,'https://travelate.oss-cn-wuhan-lr.aliyuncs.com/attractions/images/14/5a6d5bc9-ee91-4aac-b1e5-bfddfe73d5b5.jpg',5,'2026-03-17 07:11:22'),(57,14,'https://travelate.oss-cn-wuhan-lr.aliyuncs.com/attractions/images/14/cf4ecd1c-23db-459d-a4b2-502060b154d2.jpg',6,'2026-03-17 07:11:22');
/*!40000 ALTER TABLE `attraction_images` ENABLE KEYS */;
UNLOCK TABLES;

--
-- Dumping data for table `attractions`
--

LOCK TABLES `attractions` WRITE;
/*!40000 ALTER TABLE `attractions` DISABLE KEYS */;
/*!40000 ALTER TABLE `attractions` ENABLE KEYS */;
UNLOCK TABLES;

--
-- Dumping data for table `conversations`
--

LOCK TABLES `conversations` WRITE;
/*!40000 ALTER TABLE `conversations` DISABLE KEYS */;
INSERT INTO `conversations` VALUES (4,'chat',10000,10011,'你好','2026-03-21 00:16:23',0,0,'2026-03-19 20:03:18','2026-03-21 01:57:42'),(5,'chat',10020,10011,'在吗','2026-03-21 03:28:54',0,0,'2026-03-21 03:28:08','2026-03-21 03:40:55');
/*!40000 ALTER TABLE `conversations` ENABLE KEYS */;
UNLOCK TABLES;

--
-- Dumping data for table `intangible_cultural_heritage`
--

LOCK TABLES `intangible_cultural_heritage` WRITE;
/*!40000 ALTER TABLE `intangible_cultural_heritage` DISABLE KEYS */;
INSERT INTO `intangible_cultural_heritage` VALUES (1,'青田米塑技艺','传统技艺','面塑','清代','浙江省丽水市青田县','municipal','以糯米为原料，塑造花鸟、人物等造型，用于节庆祭祀，工艺精巧','清代起源于青田民间，最初用于祭祀供品，后发展为民间工艺品','县级非遗瑰宝，承载青田民间民俗文化，手工技艺传承价值突出','陈月英','[\"qingtianmisu1.jpg\", \"qingtianmisu2.jpg\"]','https://example.com/qingtianmisu.mp4','[\"米塑玲珑藏童趣，巧手匠心绘丰年\"]','[\"元宵\", \"清明\"]',28.457500,120.393000,0,0,'2026-03-26 10:03:49','2026-03-26 10:03:49'),(2,'安吉竹编技艺','传统技艺','竹编','明代','浙江省湖州市安吉县','municipal','以当地毛竹为原料，编织生活器具与工艺品，纹理清晰、坚固耐用','明代传入安吉，依托当地竹资源发展，民间广泛传承','体现安吉竹文化特色，实用与艺术结合，县级非遗重要载体','李根才','[\"anjizhubian1.jpg\"]','https://example.com/anjizhubian.mp4','[\"翠竹编成千般艺，安吉竹韵传千年\"]','[\"小满\", \"芒种\"]',30.688000,119.689000,0,0,'2026-03-26 10:03:49','2026-03-26 10:03:49'),(3,'歙县竹雕技艺','传统技艺','雕刻技艺','清代','安徽省黄山市歙县','municipal','以竹为原料，雕刻山水、人物、花鸟，工艺细腻，兼具观赏性','清代兴起于歙县，受徽派雕刻影响，传承至今','徽派工艺延伸，县级非遗珍品，展现民间雕刻匠心','王建国','[\"shexianzhudiao1.jpg\"]','https://example.com/shexianzhudiao.mp4','[\"竹刻玲珑藏雅韵，一刀一刻见初心\"]','[\"寒露\", \"霜降\"]',29.874700,118.441000,0,0,'2026-03-26 10:03:49','2026-03-26 10:03:49'),(4,'浦江剪纸技艺','传统美术','剪纸','明代','浙江省金华市浦江县','municipal','以红纸为原料，剪刻花鸟、人物、民俗场景，线条流畅，风格质朴','明代起源于浦江民间，节庆期间广泛使用，传承至今','县级民间美术瑰宝，承载浦江民俗文化，群众基础深厚','张桂英','[\"pujiangjianzhi1.jpg\"]','https://example.com/pujiangjianzhi.mp4','[\"一纸一剪生万象，浦江剪纸韵悠长\"]','[\"春节\", \"元宵\"]',29.498000,119.886000,0,0,'2026-03-26 10:03:49','2026-03-26 10:03:49'),(5,'新绛木版年画技艺','传统美术','年画','清代','山西省运城市新绛县','municipal','以木版雕刻、套色印刷，题材以民俗吉祥为主，风格古朴','清代传入新绛，民间艺人代代传承，是当地节庆重要装饰','县级民俗美术珍品，保留传统年画技艺，具有浓郁地方特色','李福明','[\"xinjiangnianhua1.jpg\"]','https://example.com/xinjiangnianhua.mp4','[\"木版年画传晋韵，古朴吉祥庆太平\"]','[\"春节\", \"立春\"]',35.638000,111.264000,0,0,'2026-03-26 10:03:49','2026-03-26 10:03:49'),(6,'丰都泥塑技艺','传统美术','泥塑','清代','重庆市丰都县','municipal','以当地黄泥土为原料，塑造民俗人物、神像，造型生动，寓意吉祥','清代起源于丰都民间，与当地鬼城文化结合，传承至今','承载丰都地方文化，县级非遗瑰宝，手工艺术价值突出','刘世全','[\"fengdunisun1.jpg\"]','https://example.com/fengdunisun.mp4','[\"泥塑传神藏古韵，丰都文化代代传\"]','[\"清明\", \"谷雨\"]',29.863500,107.735000,0,0,'2026-03-26 10:03:49','2026-03-26 10:03:49'),(7,'婺源晒秋习俗','民俗','民间习俗','明代','江西省上饶市婺源县','municipal','秋季丰收后，将农作物晾晒于房前屋后，形成独特景观，寓意丰收吉祥','明代起源于婺源徽州村落，依托山地地形形成，传承至今','县级民俗瑰宝，展现徽州农耕文化，兼具观赏性与文化价值','全民传承','[\"wuyuanShaiqiu1.jpg\"]','https://example.com/wuyuanShaiqiu.mp4','[\"晒秋满院皆金黄，徽州古韵醉心房\"]','[\"立秋\", \"处暑\"]',29.294400,117.831000,0,0,'2026-03-26 10:03:49','2026-03-26 10:03:49'),(8,'商南花灯习俗','民俗','民间表演','清代','陕西省商洛市商南县','municipal','春节期间，村民制作花灯、舞花灯，祈求平安丰收，场面热闹','清代兴起于商南民间，融合当地民间音乐与舞蹈，传承至今','县级民俗载体，展现陕南民间风情，增强村民凝聚力','全民传承','[\"shangnanhuadeng1.jpg\"]','https://example.com/shangnanhuadeng.mp4','[\"花灯璀璨迎新春，陕南风情醉人心\"]','[\"春节\", \"元宵\"]',33.586000,110.824000,0,0,'2026-03-26 10:03:49','2026-03-26 10:03:49'),(9,'连城游大龙习俗','民俗','民间盛会','明代','福建省龙岩市连城县','municipal','元宵节期间，村民制作大龙，巡游村落，祈求风调雨顺、国泰民安','明代起源于连城，龙身长达数十米，参与人数众多，传承至今','县级民俗瑰宝，展现客家文化特色，具有浓厚的民间氛围','全民传承','[\"lianchenglong1.jpg\"]','https://example.com/lianchenglong.mp4','[\"大龙巡游迎元宵，客家风情耀连城\"]','[\"元宵\", \"雨水\"]',25.728000,116.737000,0,0,'2026-03-26 10:03:49','2026-03-26 10:03:49'),(10,'通海洞经音乐','传统音乐','丝竹乐','清代','云南省玉溪市通海县','municipal','以丝竹乐器演奏，曲调典雅悠扬，源于道教音乐，流传于民间','清代传入通海，融合当地民间音乐，用于祭祀、庆典等活动','县级传统音乐瑰宝，保留道教音乐特色，具有较高的艺术价值','张正明','[\"tonghaidongjing1.jpg\"]','https://example.com/tonghaidongjing.mp4','[\"洞经丝竹传古韵，通海清音润心田\"]','[\"秋分\", \"霜降\"]',24.058000,102.783000,0,0,'2026-03-26 10:03:49','2026-03-26 10:03:49'),(11,'宜黄采茶戏','传统戏剧','采茶戏','清代','江西省抚州市宜黄县','municipal','流行于宜黄民间，以采茶题材为主，唱腔淳朴，表演生动','清代起源于宜黄农村，融合民间歌舞，贴近生活，传承至今','县级传统戏剧瑰宝，展现农村生活风貌，群众基础深厚','黄玉英','[\"yihuangcaicha1.jpg\"]','https://example.com/yihuangcaicha.mp4','[\"采茶小调唱田园，宜黄古韵传千年\"]','[\"清明\", \"谷雨\"]',27.537000,116.211000,0,0,'2026-03-26 10:03:49','2026-03-26 10:03:49'),(12,'岷县中药切片技艺','传统医药','制药技艺','清代','甘肃省定西市岷县','municipal','以岷县当地中药材为原料，采用传统手法切片，保证药效，工艺精湛','清代兴起于岷县，依托当地中药材资源，传承至今','县级传统医药瑰宝，保障中药材药效，助力地方医药发展','赵文举','[\"minxianqiepian1.jpg\"]','https://example.com/minxianqiepian.mp4','[\"药片切就藏妙术，岷县药香传四方\"]','[\"清明\", \"谷雨\"]',34.408000,104.074000,0,0,'2026-03-26 10:03:49','2026-03-26 10:03:49'),(13,'昆曲','传统戏剧','昆曲','明代','江苏省苏州市','national','昆曲被誉为百戏之祖，唱腔婉转优雅，表演精致细腻，是中国最古老的戏曲声腔剧种','元末明初发源于昆山，明代中期经魏良辅改良，成为宫廷与文人推崇的剧种，清代达到鼎盛','承载中国古典美学与戏曲体系，是戏曲艺术的活化石','王芳','[\"kunqu1.jpg\", \"kunqu2.jpg\"]','https://example.com/kunqu.mp4','[\"昆曲婉转绕梁音，一曲清歌动古今\"]','[\"立春\", \"秋分\"]',31.298770,120.585316,1,0,'2026-03-26 10:13:30','2026-03-26 10:13:30'),(14,'京剧','传统戏剧','京剧','清代','北京市','national','京剧是中国国粹，融合唱念做打，被称为东方歌剧','形成于清代乾隆年间，四大徽班进京后与汉剧融合，逐步形成京剧体系','代表中国戏曲最高艺术成就，文化符号鲜明','梅葆玖','[\"jingju1.jpg\"]','https://example.com/jingju.mp4','[\"粉墨春秋演兴亡，皮黄一曲震八方\"]','[\"春节\", \"寒露\"]',39.904200,116.407400,1,0,'2026-03-26 10:13:30','2026-03-26 10:13:30'),(15,'粤剧','传统戏剧','粤剧','明代','广东省广州市','national','流行于岭南及海外华人区，唱腔流畅，表演生动','明代形成于广东，融合民间音乐与南戏，是海外华人文化纽带','岭南文化代表，维系海外华人乡情','红线女','[\"yueju1.jpg\"]','https://example.com/yueju.mp4','[\"粤韵悠扬传四海，红腔婉转动人心\"]','[\"清明\", \"冬至\"]',23.129110,113.264385,1,0,'2026-03-26 10:13:30','2026-03-26 10:13:30'),(16,'藏戏','传统戏剧','藏戏','唐代','西藏自治区','national','藏族传统戏剧，戴面具表演，融合歌舞与叙事','起源于吐蕃时期，由莲花生大师推动，用于宗教祭祀与教化','藏族文化核心载体，宗教与艺术融合典范','班典旺久','[\"zangxi1.jpg\"]','https://example.com/zangxi.mp4','[\"雪域高原藏戏扬，千年古韵颂安康\"]','[\"雪顿节\", \"立秋\"]',29.640000,91.116600,1,0,'2026-03-26 10:13:30','2026-03-26 10:13:30'),(17,'黄梅戏','传统戏剧','黄梅戏','清代','安徽省安庆市','provincial','唱腔淳朴流畅，以抒情见长，经典剧目丰富','起源于湖北黄梅，发展于安徽安庆，清末流行全国','民间艺术瑰宝，贴近生活情感真挚','韩再芬','[\"huangmei1.jpg\"]','https://example.com/huangmei.mp4','[\"树上鸟儿成双对，绿水青山带笑颜\"]','[\"小满\", \"芒种\"]',30.515470,117.055010,0,0,'2026-03-26 10:13:30','2026-03-26 10:13:30'),(18,'豫剧','传统戏剧','豫剧','明代','河南省郑州市','provincial','北方最大剧种，唱腔铿锵大气，表现力强','明代形成于河南，吸收梆子腔精华，流传北方各省','中原文化代表，群众基础深厚','常香玉','[\"yuju1.jpg\"]','https://example.com/yuju.mp4','[\"豫剧铿锵唱中原，英雄故事代代传\"]','[\"春分\", \"霜降\"]',34.746600,113.625300,0,0,'2026-03-26 10:13:30','2026-03-26 10:13:30'),(19,'评剧','传统戏剧','评剧','清代','河北省唐山市','municipal','流行于华北东北，唱腔通俗，贴近百姓生活','清末形成于唐山，由莲花落与皮影戏融合而成','民间戏曲代表，反映市井生活','小白玉霜','[\"pingju1.jpg\"]','https://example.com/pingju.mp4','[\"评腔轻婉诉家常，市井人生入戏章\"]','[\"立冬\", \"小雪\"]',39.630800,118.179900,0,0,'2026-03-26 10:13:30','2026-03-26 10:13:30'),(20,'越剧','传统戏剧','越剧','清代','浙江省绍兴市','provincial','江南代表剧种，以才子佳人题材为主，柔美抒情','清末发源于浙江嵊州，流行于江浙沪','江南文化象征，柔美典雅艺术典范','王文娟','[\"yueopera1.jpg\"]','https://example.com/yueopera.mp4','[\"越音婉转江南韵，才子佳人入梦魂\"]','[\"清明\", \"谷雨\"]',29.999100,120.586300,0,0,'2026-03-26 10:13:30','2026-03-26 10:13:30'),(21,'秦腔','传统戏剧','秦腔','明代','陕西省西安市','provincial','西北最古老剧种，唱腔高亢激越，气势磅礴','起源于秦地，明代成熟，为梆子腔鼻祖','西北文化灵魂，历史悠久影响深远','李爱琴','[\"qinqiang1.jpg\"]','https://example.com/qinqiang.mp4','[\"一声秦腔震九州，千年豪气贯神州\"]','[\"冬至\", \"大寒\"]',34.264300,108.949000,0,0,'2026-03-26 10:13:30','2026-03-26 10:13:30'),(22,'川剧','传统戏剧','川剧','清代','四川省成都市','provincial','巴蜀代表剧种，变脸吐火绝技闻名世界','清代融合多种声腔形成于四川，风格幽默泼辣','巴蜀文化名片，绝技艺术独一无二','沈铁梅','[\"chuanju1.jpg\"]','https://example.com/chuanju.mp4','[\"川剧变脸显神奇，巴蜀风情入戏迷\"]','[\"大暑\", \"立秋\"]',30.572300,104.066500,0,0,'2026-03-26 10:13:30','2026-03-26 10:13:30'),(23,'沪剧','传统戏剧','沪剧','清代','上海市','municipal','上海地方戏曲，表现都市生活与江南风情','由上海民歌与说唱发展而来，清末成型','海派文化代表，记录城市变迁','茅善玉','[\"huju1.jpg\"]','https://example.com/huju.mp4','[\"沪语轻吟唱浦江，都市风情韵味长\"]','[\"雨水\", \"惊蛰\"]',31.230400,121.473700,0,0,'2026-03-26 10:13:30','2026-03-26 10:13:30'),(24,'汉剧','传统戏剧','汉剧','明代','湖北省武汉市','municipal','湖北古老剧种，为京剧形成提供重要基础','明代形成于湖北，清代流传全国，影响深远','戏曲史上重要剧种，承前启后','陈伯华','[\"hanju1.jpg\"]','https://example.com/hanju.mp4','[\"汉调悠扬传楚地，梨园一脉续传奇\"]','[\"芒种\", \"夏至\"]',30.592800,114.305500,0,0,'2026-03-26 10:13:30','2026-03-26 10:13:30'),(25,'湘剧','传统戏剧','湘剧','明代','湖南省长沙市','municipal','湖南代表剧种，融合南北唱腔特色','明代形成于长沙，吸收昆曲与高腔精华','湖湘文化载体，艺术风格独特','左大玢','[\"xiangju1.jpg\"]','https://example.com/xiangju.mp4','[\"湘音嘹亮唱潇湘，古韵新声代代扬\"]','[\"处暑\", \"白露\"]',28.193000,112.983000,0,0,'2026-03-26 10:13:30','2026-03-26 10:13:30'),(26,'闽剧','传统戏剧','闽剧','明代','福建省福州市','municipal','福建代表剧种，唱腔独特，表演细腻','明代形成于福州，融合民间音乐与戏曲','闽都文化象征，海外传播广泛','林瑛','[\"minju1.jpg\"]','https://example.com/minju.mp4','[\"闽腔婉转唱榕城，海丝文化一脉承\"]','[\"寒露\", \"霜降\"]',26.074500,119.290300,0,0,'2026-03-26 10:13:30','2026-03-26 10:13:30'),(27,'河北梆子','传统戏剧','河北梆子','清代','河北省石家庄市','provincial','北方重要剧种，唱腔高亢激昂，表现力强','清代形成于河北，由山陕梆子演变而来','华北文化代表，历史价值突出','张惠云','[\"hebeibangzi1.jpg\"]','https://example.com/hebei.mp4','[\"梆子声声震燕赵，豪情壮志入云霄\"]','[\"小寒\", \"大寒\"]',38.042800,114.510900,0,0,'2026-03-26 10:13:30','2026-03-26 10:13:30'),(28,'古琴艺术','传统音乐','弹拨乐','周代','全国','national','中国最古老弹拨乐器，音域宽广音色深沉，文人音乐代表','起源于上古，周代成熟，孔子推崇为礼乐核心','文人精神象征，中国音乐最高境界','龚一','[\"guqin1.jpg\"]','https://example.com/guqin.mp4','[\"独坐幽篁里，弹琴复长啸\"]','[\"清明\", \"秋分\"]',34.264300,108.949000,1,0,'2026-03-26 10:14:32','2026-03-26 10:14:32'),(29,'蒙古族长调民歌','传统音乐','民歌','元代','内蒙古自治区','national','草原音乐瑰宝，旋律悠长节奏自由，被誉为草原天籁','起源于匈奴时期，元代成熟，伴随游牧生活传承千年','游牧文化活态遗产，人与自然和谐象征','拉苏荣','[\"changdiao1.jpg\"]','https://example.com/changdiao.mp4','[\"草原长调绕苍穹，牧歌一曲寄深情\"]','[\"立夏\", \"小满\"]',40.839000,111.757000,1,0,'2026-03-26 10:14:32','2026-03-26 10:14:32'),(30,'蒙古族呼麦歌唱艺术','传统音乐','声乐','唐代','内蒙古自治区','national','一人同时唱两个声部，世界罕见歌唱技艺','起源于古代狩猎与祭祀，唐代成型，草原独特艺术','人类声乐奇迹，多声部音乐活化石','胡松华','[\"humai1.jpg\"]','https://example.com/humai.mp4','[\"呼麦双声震草原，天籁之音万古传\"]','[\"夏至\", \"大暑\"]',41.079900,112.080000,1,0,'2026-03-26 10:14:32','2026-03-26 10:14:32'),(31,'新疆维吾尔木卡姆艺术','传统音乐','歌舞乐','唐代','新疆维吾尔自治区','national','集歌、舞、乐为一体的大型古典艺术，东方音乐瑰宝','起源于龟兹乐舞，唐代传入中原，维吾尔族传承发展','丝绸之路文化结晶，东西方音乐融合典范','买买提阿布拉','[\"mukam1.jpg\"]','https://example.com/mukam.mp4','[\"木卡姆声传丝路，千年乐舞耀新疆\"]','[\"春分\", \"秋分\"]',43.825600,87.616800,1,0,'2026-03-26 10:14:32','2026-03-26 10:14:32'),(32,'南音','传统音乐','丝竹乐','晋代','福建省泉州市','national','中国音乐活化石，保留汉唐古乐风貌','晋代中原移民传入福建，千年传承不变','古代音乐珍贵遗存，研究古乐重要依据','苏统谋','[\"nanyin1.jpg\"]','https://example.com/nanyin.mp4','[\"南音一曲越千年，古韵悠扬绕闽南\"]','[\"中秋\", \"重阳\"]',24.879300,118.584000,1,0,'2026-03-26 10:14:32','2026-03-26 10:14:32'),(33,'西安鼓乐','传统音乐','吹打乐','唐代','陕西省西安市','national','保留唐代宫廷音乐风貌，被誉为古代交响乐','源于唐代燕乐，历经宋元明清传承至今','唐代音乐活化石，音乐史珍贵资料','何忠信','[\"xiangu1.jpg\"]','https://example.com/xiangu.mp4','[\"长安鼓乐鸣千古，大唐遗韵醉人心\"]','[\"清明\", \"谷雨\"]',34.264300,108.949000,1,0,'2026-03-26 10:14:32','2026-03-26 10:14:32'),(34,'侗族大歌','传统音乐','合唱','宋代','贵州省黔东南州','national','无伴奏多声部合唱，天籁之音，侗族文化瑰宝','宋代已有记载，千年口传心授传承','民间合唱艺术奇迹，人与自然和谐之声','吴品仙','[\"dongge1.jpg\"]','https://example.com/dongge.mp4','[\"侗歌婉转绕青山，天籁和声入云端\"]','[\"谷雨\", \"立夏\"]',26.631000,107.927000,1,0,'2026-03-26 10:14:32','2026-03-26 10:14:32'),(35,'花儿','传统音乐','民歌','明代','甘肃青海宁夏','national','西北民歌之魂，高亢嘹亮，情感真挚','明代形成于西北高原，流传于多民族地区','西北民族文化纽带，原生态音乐典范','马金山','[\"huaer1.jpg\"]','https://example.com/huaer.mp4','[\"花儿声声漫高原，真情一曲动山川\"]','[\"立春\", \"惊蛰\"]',36.060400,103.832000,1,0,'2026-03-26 10:14:32','2026-03-26 10:14:32'),(36,'潮州音乐','传统音乐','丝竹乐','唐代','广东省潮州市','provincial','岭南古乐，保留中原古乐特色，典雅悠扬','唐代中原音乐传入潮州，千年传承','古乐活化石，岭南音乐瑰宝','杨秀明','[\"chaozhou1.jpg\"]','https://example.com/chaozhou.mp4','[\"潮乐悠扬传古韵，丝竹声声颂太平\"]','[\"中秋\", \"冬至\"]',23.657300,116.622000,0,0,'2026-03-26 10:14:32','2026-03-26 10:14:32'),(37,'江南丝竹','传统音乐','丝竹乐','明代','江苏省上海市','provincial','江南代表音乐，轻快流畅，典雅秀丽','明代形成于江南水乡，流行于江浙沪','江南文化象征，清新雅致音乐典范','周惠','[\"jiangnan1.jpg\"]','https://example.com/jiangnan.mp4','[\"丝竹声声醉江南，小桥流水韵悠然\"]','[\"春分\", \"清明\"]',31.230400,121.473700,0,0,'2026-03-26 10:14:32','2026-03-26 10:14:32'),(38,'陕北民歌','传统音乐','民歌','明代','陕西省延安市','municipal','西北民歌代表，高亢苍凉，记录黄土高原风情','源于陕北劳动生活，明代成型流传','黄土文化灵魂，原生态音乐珍品','王向荣','[\"shanbei1.jpg\"]','https://example.com/shanbei.mp4','[\"黄土高坡歌声扬，陕北民歌韵味长\"]','[\"立冬\", \"小雪\"]',36.600700,109.492000,0,0,'2026-03-26 10:14:32','2026-03-26 10:14:32'),(39,'苗族飞歌','传统音乐','民歌','唐代','贵州省黔东南州','municipal','苗族代表性民歌，高亢嘹亮，回荡山谷','起源于苗族祭祀与劳动，千年传承','苗族文化标志，原生态音乐瑰宝','阿旺','[\"miaoge1.jpg\"]','https://example.com/miaoge.mp4','[\"飞歌嘹亮越山川，苗家儿女尽欢颜\"]','[\"芒种\", \"夏至\"]',26.727900,107.488000,0,0,'2026-03-26 10:14:32','2026-03-26 10:14:32'),(40,'中国传统木结构建筑营造技艺','传统技艺','建筑技艺','宋代','全国','national','不用一颗钉子，以榫卯结构搭建建筑，抗震耐用','起源于上古，宋代《营造法式》定型，传承千年','古代建筑最高成就，世界建筑史奇迹','马维希','[\"mujian1.jpg\"]','https://example.com/mujian.mp4','[\"榫卯相承构广厦，千年木艺耀中华\"]','[\"立春\", \"立冬\"]',39.904200,116.407400,1,0,'2026-03-26 10:22:22','2026-03-26 10:22:22'),(41,'南京云锦织造技艺','传统技艺','织造技艺','明代','江苏省南京市','national','中国顶级丝绸技艺，寸锦寸金，皇家御用贡品','始于东晋，明代达到巅峰，专为皇家织造龙袍','丝绸技艺巅峰，古代纺织最高水平','周双喜','[\"yunjin1.jpg\"]','https://example.com/yunjin.mp4','[\"云锦天衣织锦绣，金陵绝技耀千秋\"]','[\"小满\", \"芒种\"]',32.060300,118.796000,1,0,'2026-03-26 10:22:22','2026-03-26 10:22:22'),(42,'中国蚕桑丝织技艺','传统技艺','纺织技艺','上古','浙江省杭州市','national','栽桑、养蚕、缫丝、织造全套技艺，中华文明标志','起源于五千年前上古时期，丝绸之路核心技艺','中华文明象征，推动世界文明交流','金家虹','[\"cansang1.jpg\"]','https://example.com/cansang.mp4','[\"春蚕到死丝方尽，锦绣中华万古传\"]','[\"清明\", \"谷雨\"]',30.274100,120.155000,1,0,'2026-03-26 10:22:22','2026-03-26 10:22:22'),(43,'龙泉青瓷传统烧制技艺','传统技艺','制瓷技艺','宋代','浙江省龙泉市','national','青瓷巅峰技艺，釉色如玉，千年不腐','始于三国，宋代达到鼎盛，为宋代五大名窑之一','陶瓷艺术瑰宝，世界青瓷最高水平','徐朝兴','[\"longquan1.jpg\"]','https://example.com/longquan.mp4','[\"青瓷如玉映天光，龙泉窑火万年长\"]','[\"雨水\", \"惊蛰\"]',28.060100,119.112000,1,0,'2026-03-26 10:22:22','2026-03-26 10:22:22'),(44,'宣纸传统制作技艺','传统技艺','造纸技艺','唐代','安徽省泾县','national','纸中之王，千年不腐，书画专用宣纸','始于唐代，历代皇家御用，文人书画必备','造纸术巅峰，文化传承重要载体','邢春荣','[\"xuanzhi1.jpg\"]','https://example.com/xuanzhi.mp4','[\"宣纸洁白润如玉，笔墨丹青传千古\"]','[\"寒露\", \"霜降\"]',30.681000,118.406000,1,0,'2026-03-26 10:22:22','2026-03-26 10:22:22'),(45,'中国雕版印刷技艺','传统技艺','印刷技艺','唐代','江苏省扬州市','national','人类最早印刷技术，推动文明传播','发明于唐代，比活字印刷更早，传承千年','四大发明重要组成，世界文明贡献巨大','陈义时','[\"diaoban1.jpg\"]','https://example.com/diaoban.mp4','[\"雕版印书传万卷，文明火种照千秋\"]','[\"秋分\", \"霜降\"]',32.394300,119.449000,1,0,'2026-03-26 10:22:22','2026-03-26 10:22:22'),(46,'中国活字印刷术','传统技艺','印刷技艺','宋代','浙江省温州市','national','毕昇发明，世界最早活字印刷，急需保护技艺','北宋毕昇发明，推动世界印刷革命','四大发明核心，人类文明里程碑','林初寅','[\"huozi1.jpg\"]','https://example.com/huozi.mp4','[\"活字生辉传四海，印刷文明万古流\"]','[\"清明\", \"谷雨\"]',27.992900,120.671000,1,0,'2026-03-26 10:22:22','2026-03-26 10:22:22'),(47,'中国水密隔舱福船制造技艺','传统技艺','造船技艺','宋代','福建省泉州市','national','古代先进造船技术，水密隔舱安全坚固，郑和下西洋用船','宋代成熟，明代达到巅峰，领先世界造船技术','古代造船最高成就，海上丝绸之路核心技艺','陈芳财','[\"fuchuan1.jpg\"]','https://example.com/fuchuan.mp4','[\"福船扬帆通四海，水密隔舱万古安\"]','[\"立春\", \"雨水\"]',24.879300,118.584000,1,0,'2026-03-26 10:22:22','2026-03-26 10:22:22'),(48,'中国木拱桥传统营造技艺','传统技艺','桥梁技艺','宋代','浙江省庆元县','national','不用钉子，以木拱结构搭建桥梁，坚固耐用','宋代发明，闽浙山区传承千年','古代桥梁奇迹，木结构桥梁典范','吴复勇','[\"muqiao1.jpg\"]','https://example.com/muqiao.mp4','[\"木拱飞梁跨碧水，千年古桥映青山\"]','[\"小满\", \"夏至\"]',27.655900,119.060000,1,0,'2026-03-26 10:22:22','2026-03-26 10:22:22'),(49,'黎族传统纺染织绣技艺','传统技艺','纺织技艺','上古','海南省五指山市','national','黎族古老纺织技艺，纺织活化石','起源于上古，宋代黄道婆学习改良推广','纺织史珍贵遗产，少数民族技艺瑰宝','容亚美','[\"lizu1.jpg\"]','https://example.com/lizu.mp4','[\"黎锦斑斓织锦绣，千年技艺耀南疆\"]','[\"大暑\", \"处暑\"]',18.792000,109.515000,1,0,'2026-03-26 10:22:22','2026-03-26 10:22:22'),(50,'苏绣','传统技艺','刺绣技艺','宋代','江苏省苏州市','national','四大名绣之首，精细雅致，栩栩如生','宋代成熟，明清鼎盛，皇家御用刺绣','刺绣艺术巅峰，东方手工艺术代表','姚建萍','[\"suxiu1.jpg\"]','https://example.com/suxiu.mp4','[\"苏绣玲珑描万象，一针一线绣乾坤\"]','[\"春分\", \"清明\"]',31.298770,120.585316,1,0,'2026-03-26 10:22:22','2026-03-26 10:22:22'),(51,'湘绣','传统技艺','刺绣技艺','汉代','湖南省长沙市','provincial','湖南刺绣，以狮虎题材闻名，气势磅礴','汉代已有记载，清代成熟鼎盛','湖湘文化瑰宝，刺绣艺术珍品','刘爱云','[\"xiangxiu1.jpg\"]','https://example.com/xiangxiu.mp4','[\"湘绣雄姿描虎豹，一针一线见精神\"]','[\"立秋\", \"处暑\"]',28.193000,112.983000,0,0,'2026-03-26 10:22:22','2026-03-26 10:22:22'),(52,'粤绣','传统技艺','刺绣技艺','唐代','广东省广州市','provincial','岭南刺绣，色彩浓烈，构图饱满','唐代成型，明清鼎盛，远销海外','岭南艺术代表，海外文化交流载体','陈少芳','[\"yuexiu1.jpg\"]','https://example.com/yuexiu.mp4','[\"粤绣斑斓映岭南，千丝万缕绘华章\"]','[\"夏至\", \"小暑\"]',23.129110,113.264385,0,0,'2026-03-26 10:22:22','2026-03-26 10:22:22'),(53,'蜀绣','传统技艺','刺绣技艺','汉代','四川省成都市','provincial','巴蜀刺绣，细腻柔和，题材丰富','汉代已有记载，与蜀锦齐名','巴蜀文化瑰宝，刺绣历史活化石','郝淑萍','[\"shuxiu1.jpg\"]','https://example.com/shuxiu.mp4','[\"蜀绣轻柔描锦色，巴山蜀水入丝弦\"]','[\"清明\", \"谷雨\"]',30.572300,104.066500,0,0,'2026-03-26 10:22:22','2026-03-26 10:22:22'),(54,'景德镇制瓷技艺','传统技艺','制瓷技艺','宋代','江西省景德镇市','national','中国瓷都技艺，白如玉明如镜薄如纸声如磬','宋代定名景德镇，明清皇家瓷厂，千年瓷都','陶瓷艺术巅峰，世界陶瓷文化中心','秦锡麟','[\"jingdezhen1.jpg\"]','https://example.com/jingdezhen.mp4','[\"景德镇中藏锦绣，瓷中瑰宝耀全球\"]','[\"立春\", \"雨水\"]',29.264500,117.202000,1,0,'2026-03-26 10:22:22','2026-03-26 10:22:22'),(55,'紫砂壶制作技艺','传统技艺','制陶技艺','明代','江苏省宜兴市','provincial','宜兴紫砂，泡茶神器，实用与艺术结合','明代成熟，文人参与设计，名扬天下','陶土艺术瑰宝，茶文化重要载体','徐汉棠','[\"zisha1.jpg\"]','https://example.com/zisha.mp4','[\"紫砂泥中藏雅韵，一壶香茗醉千秋\"]','[\"清明\", \"谷雨\"]',31.350000,119.813000,0,0,'2026-03-26 10:22:22','2026-03-26 10:22:22'),(56,'徽墨制作技艺','传统技艺','文房技艺','唐代','安徽省黄山市','national','文房四宝之一，墨色乌黑，千年不褪','唐代发明，宋代鼎盛，文人必备','文房艺术瑰宝，书画传承重要载体','周美洪','[\"huimo1.jpg\"]','https://example.com/huimo.mp4','[\"徽墨飘香传万古，丹青妙笔绘山河\"]','[\"寒露\", \"霜降\"]',29.716500,118.320000,1,0,'2026-03-26 10:22:22','2026-03-26 10:22:22'),(57,'端砚制作技艺','传统技艺','文房技艺','唐代','广东省肇庆市','national','文房四宝之首砚台，石质细腻，发墨极佳','唐代成熟，历代皇家贡品，文人珍品','文房艺术巅峰，石艺文化瑰宝','黎铿','[\"duanyan1.jpg\"]','https://example.com/duanyan.mp4','[\"端砚温润藏灵气，笔墨书香万古传\"]','[\"秋分\", \"霜降\"]',23.034000,112.469000,1,0,'2026-03-26 10:22:22','2026-03-26 10:22:22'),(58,'宣纸笺纸制作技艺','传统技艺','造纸技艺','明代','安徽省泾县','municipal','宣纸深加工技艺，制作精美笺纸，文人专用','明代成熟，为书画创作专用纸张','宣纸技艺延伸，文房艺术珍品','曹光华','[\"jianzhi1.jpg\"]','https://example.com/jianzhi.mp4','[\"笺纸玲珑藏雅趣，书香墨韵伴流年\"]','[\"立春\", \"雨水\"]',30.681000,118.406000,0,0,'2026-03-26 10:22:22','2026-03-26 10:22:22'),(59,'东阳木雕技艺','传统技艺','雕刻技艺','宋代','浙江省东阳市','provincial','中国木雕之首，精细绝伦，立体雕刻典范','宋代成熟，明清鼎盛，皇家建筑专用木雕','木雕艺术巅峰，东方雕刻艺术代表','陆光正','[\"dongyang1.jpg\"]','https://example.com/dongyang.mp4','[\"东阳木雕雕万象，一刀一刻见匠心\"]','[\"清明\", \"谷雨\"]',29.255100,120.228000,0,0,'2026-03-26 10:22:22','2026-03-26 10:22:22'),(60,'中国书法','传统美术','书法','上古','全国','national','汉字书写艺术，无言的诗无形的舞，中国文化核心符号','起源于上古文字，商周甲骨文定型，历代传承发展','中华文化核心，东方艺术最高境界','沈鹏','[\"shufa1.jpg\"]','https://example.com/shufa.mp4','[\"笔下乾坤大，墨中岁月长\"]','[\"春节\", \"秋分\"]',39.904200,116.407400,1,0,'2026-03-26 10:22:55','2026-03-26 10:22:55'),(61,'中国篆刻','传统美术','篆刻','秦代','全国','national','书法与雕刻结合，方寸之间显乾坤，印章艺术','起源于商周，秦代统一印章，历代文人推崇','文房艺术瑰宝，书画艺术重要组成','韩天衡','[\"zhuanke1.jpg\"]','https://example.com/zhuanke.mp4','[\"方寸之间藏天地，一刀一印见精神\"]','[\"立春\", \"立冬\"]',39.904200,116.407400,1,0,'2026-03-26 10:22:55','2026-03-26 10:22:55'),(62,'中国剪纸','传统美术','剪纸','汉代','全国','national','剪刀与红纸创造的艺术，喜庆吉祥，民间美术代表','汉代已有记载，明清普及全国，民间最广泛艺术','民间美术瑰宝，群众基础最广泛的艺术','高凤莲','[\"jianzhi1.jpg\"]','https://example.com/jianzhi.mp4','[\"一纸一剪生万象，红红火火庆丰年\"]','[\"春节\", \"元宵\"]',39.904200,116.407400,1,0,'2026-03-26 10:22:55','2026-03-26 10:22:55'),(63,'热贡艺术','传统美术','唐卡绘画','元代','青海省黄南州','national','藏传佛教绘画雕塑艺术，色彩绚丽精美绝伦','元代兴起，热贡地区传承千年','藏传佛教艺术瑰宝，绘画艺术珍品','更登达吉','[\"regong1.jpg\"]','https://example.com/regong.mp4','[\"热贡丹青绘佛国，千年唐卡耀雪域\"]','[\"雪顿节\", \"立秋\"]',35.514000,102.007000,1,0,'2026-03-26 10:22:55','2026-03-26 10:22:55'),(64,'杨柳青年画','传统美术','年画','明代','天津市西青区','national','北方年画代表，喜庆吉祥，民间美术经典','明代兴起，清代鼎盛，北方最著名年画','民间年画瑰宝，民俗文化重要载体','霍庆有','[\"yangliuqing1.jpg\"]','https://example.com/yangliuqing.mp4','[\"年画迎春添喜气，丹青妙手绘吉祥\"]','[\"春节\", \"除夕\"]',39.136100,117.081000,1,0,'2026-03-26 10:22:55','2026-03-26 10:22:55'),(65,'桃花坞年画','传统美术','年画','明代','江苏省苏州市','provincial','南方年画代表，雅致秀丽，江南年画经典','明代兴起，清代鼎盛，江南最著名年画','江南民俗瑰宝，民间美术珍品','房志达','[\"taohuawu1.jpg\"]','https://example.com/taohuawu.mp4','[\"桃花坞里绘新春，江南年画韵长存\"]','[\"春节\", \"元宵\"]',31.298770,120.585316,0,0,'2026-03-26 10:22:55','2026-03-26 10:22:55'),(66,'凤翔木版年画','传统美术','年画','宋代','陕西省凤翔县','municipal','西北年画代表，古朴粗犷，西北民俗经典','宋代起源，明清流传西北各省','西北民俗瑰宝，民间美术活化石','邰立平','[\"fengxiang1.jpg\"]','https://example.com/fengxiang.mp4','[\"木版年画传秦风，古朴吉祥庆太平\"]','[\"春节\", \"立春\"]',34.521000,107.379000,0,0,'2026-03-26 10:22:55','2026-03-26 10:22:55'),(67,'面塑技艺','传统美术','面塑','汉代','全国','provincial','面粉塑造人物动物，栩栩如生，民间玩具艺术','汉代已有记载，民间广泛流传','民间玩具瑰宝，手工艺术珍品','郎志丽','[\"miansu1.jpg\"]','https://example.com/miansu.mp4','[\"一团彩面塑万象，巧手匠心绘童真\"]','[\"元宵\", \"清明\"]',36.675000,117.006000,0,0,'2026-03-26 10:22:55','2026-03-26 10:22:55'),(68,'泥塑技艺','传统美术','泥塑','宋代','江苏省无锡市','national','惠山泥人，喜庆吉祥，民间泥塑经典','宋代起源，明清鼎盛，江南著名泥塑','民间泥塑瑰宝，民俗艺术珍品','喻湘涟','[\"nisu1.jpg\"]','https://example.com/nisu.mp4','[\"泥塑玲珑藏童趣，惠山神韵传千年\"]','[\"春节\", \"端午\"]',31.560000,120.283000,1,0,'2026-03-26 10:22:55','2026-03-26 10:22:55'),(69,'石雕技艺','传统美术','石雕','汉代','福建省惠安县','provincial','惠安石雕，精细绝伦，建筑与艺术结合','汉代已有记载，唐宋成熟，明清鼎盛','石雕艺术巅峰，建筑装饰艺术瑰宝','李走生','[\"shidiao1.jpg\"]','https://example.com/shidiao.mp4','[\"顽石通灵雕万象，一刀一刻见匠心\"]','[\"清明\", \"谷雨\"]',25.123500,118.651000,0,0,'2026-03-26 10:22:55','2026-03-26 10:22:55'),(70,'玉雕技艺','传统美术','玉雕','上古','新疆和田市','national','玉石雕刻艺术，东方艺术瑰宝，君子如玉象征','起源于上古，商周成熟，历代皇家珍宝','玉石文化核心，东方雕刻艺术巅峰','马进贵','[\"yudiao1.jpg\"]','https://example.com/yudiao.mp4','[\"美玉雕琢成雅器，东方神韵万古传\"]','[\"立春\", \"秋分\"]',37.110600,79.926900,1,0,'2026-03-26 10:22:55','2026-03-26 10:22:55'),(71,'竹编技艺','传统美术','竹编','汉代','浙江省东阳市','municipal','竹子编织器具与艺术品，实用与艺术结合','汉代已有记载，民间广泛传承','民间手工瑰宝，生态艺术典范','卢光华','[\"zhubian1.jpg\"]','https://example.com/zhubian.mp4','[\"翠竹编成千般艺，匠心独运韵悠长\"]','[\"小满\", \"芒种\"]',29.255100,120.228000,0,0,'2026-03-26 10:22:55','2026-03-26 10:22:55'),(72,'草编技艺','传统美术','草编','上古','山东省潍坊市','municipal','麦草玉米皮编织艺术品，民间手工经典','起源于上古，民间广泛流传','民间手工瑰宝，生态环保艺术','王美英','[\"caobian1.jpg\"]','https://example.com/caobian.mp4','[\"青草编来新世界，巧手织出好时光\"]','[\"立秋\", \"处暑\"]',36.778300,119.107000,0,0,'2026-03-26 10:22:55','2026-03-26 10:22:55'),(73,'漆艺技艺','传统美术','漆器','周代','福建省福州市','national','脱胎漆器，轻巧坚固，东方艺术珍品','周代发明，汉代成熟，福州脱胎漆器闻名世界','漆艺巅峰，东方工艺瑰宝','沈绍安','[\"qiyi1.jpg\"]','https://example.com/qiyi.mp4','[\"漆器流光凝岁月，千年漆艺耀中华\"]','[\"春分\", \"秋分\"]',26.074500,119.290300,1,0,'2026-03-26 10:22:55','2026-03-26 10:22:55'),(74,'皮影雕刻技艺','传统美术','雕刻','汉代','河北省唐山市','provincial','皮影制作核心技艺，雕刻精美，透光性好','汉代起源，唐宋成熟，明清鼎盛','皮影艺术基础，民间雕刻瑰宝','周树飞','[\"piyingdiao1.jpg\"]','https://example.com/piyingdiao.mp4','[\"一刀一刻雕光影，一纸一皮演古今\"]','[\"中秋\", \"重阳\"]',39.630800,118.179900,0,0,'2026-03-26 10:22:55','2026-03-26 10:22:55'),(75,'春节','民俗','传统节日','汉代','全国','national','中华民族最隆重节日，辞旧迎新，阖家团圆','汉代定型，延续两千多年，全球华人共同节日','民族文化核心，全球华人精神纽带','全民传承','[\"chunjie1.jpg\"]','https://example.com/chunjie.mp4','[\"爆竹声中一岁除，春风送暖入屠苏\"]','[\"立春\", \"除夕\"]',39.904200,116.407400,1,0,'2026-03-26 10:23:32','2026-03-26 10:23:32'),(76,'端午节','民俗','传统节日','战国','全国','national','纪念屈原，龙舟竞渡，吃粽子，辟邪祈福','起源于战国，纪念屈原，汉代成为全国节日','爱国精神象征，民俗文化重要载体','全民传承','[\"duanwu1.jpg\"]','https://example.com/duanwu.mp4','[\"节分端午自谁言，万古传闻为屈原\"]','[\"芒种\", \"夏至\"]',39.904200,116.407400,1,0,'2026-03-26 10:23:32','2026-03-26 10:23:32'),(77,'妈祖信俗','民俗','民间信仰','宋代','福建省莆田市','national','海洋保护神信仰，全球华人华侨精神纽带','宋代起源，全球2亿信众，海上丝绸之路信仰','海洋文化核心，海外华人乡情纽带','林金榜','[\"mazu1.jpg\"]','https://example.com/mazu.mp4','[\"妈祖慈航佑四海，千年圣德耀八方\"]','[\"春分\", \"秋分\"]',25.454600,119.003000,1,0,'2026-03-26 10:23:32','2026-03-26 10:23:32'),(78,'羌年','民俗','传统节日','上古','四川省阿坝州','national','羌族新年，庆祝丰收，祭祀祈福，羌族最重要节日','起源于上古羌历新年，传承数千年','羌族文化核心，少数民族节日瑰宝','余国宝','[\"qiangnian1.jpg\"]','https://example.com/qiangnian.mp4','[\"羌年欢庆丰收乐，古羌文化万古传\"]','[\"立冬\", \"小雪\"]',31.605000,102.517000,1,0,'2026-03-26 10:23:32','2026-03-26 10:23:32'),(79,'二十四节气','民俗','历法知识','上古','全国','national','中国第五大发明，指导农业生产，人与自然和谐智慧','起源于上古，商代定型，西汉写入历法','人类天文历法奇迹，人与自然和谐典范','全民传承','[\"jieqi1.jpg\"]','https://example.com/jieqi.mp4','[\"春雨惊春清谷天，夏满芒夏暑相连\"]','[\"全部节气\"]',39.904200,116.407400,1,0,'2026-03-26 10:23:32','2026-03-26 10:23:32'),(80,'清明节','民俗','传统节日','周代','全国','national','祭祖扫墓，踏青郊游，慎终追远','周代起源，融合寒食节，成为重要节日','孝道文化核心，人与自然和谐节日','全民传承','[\"qingming1.jpg\"]','https://example.com/qingming.mp4','[\"清明时节雨纷纷，路上行人欲断魂\"]','[\"清明\"]',39.904200,116.407400,1,0,'2026-03-26 10:23:32','2026-03-26 10:23:32'),(81,'中秋节','民俗','传统节日','唐代','全国','national','月圆人圆，阖家团圆，赏月吃月饼','唐代定型，宋代鼎盛，团圆文化象征','团圆文化核心，民族情感重要载体','全民传承','[\"zhongqiu1.jpg\"]','https://example.com/zhongqiu.mp4','[\"但愿人长久，千里共婵娟\"]','[\"中秋\"]',39.904200,116.407400,1,0,'2026-03-26 10:23:32','2026-03-26 10:23:32'),(82,'重阳节','民俗','传统节日','汉代','全国','provincial','敬老爱老，登高赏秋，祈福长寿','汉代起源，历代传承，敬老文化象征','敬老文化核心，传统美德载体','全民传承','[\"chongyang1.jpg\"]','https://example.com/chongyang.mp4','[\"遥知兄弟登高处，遍插茱萸少一人\"]','[\"重阳\"]',39.904200,116.407400,0,0,'2026-03-26 10:23:32','2026-03-26 10:23:32'),(83,'火把节','民俗','传统节日','唐代','云南省楚雄州','provincial','彝族白族等民族节日，点火祈福，庆祝丰收','唐代已有记载，少数民族重要节日','少数民族文化瑰宝，火文化象征','全民传承','[\"huoba1.jpg\"]','https://example.com/huoba.mp4','[\"火把照亮丰收路，欢歌笑语庆吉祥\"]','[\"大暑\", \"立秋\"]',25.012600,101.531000,0,0,'2026-03-26 10:23:32','2026-03-26 10:23:32'),(84,'泼水节','民俗','传统节日','宋代','云南省西双版纳州','provincial','傣族新年，泼水祈福，洗去烦恼迎接新年','宋代已有记载，傣族最重要节日','傣族文化核心，水文化象征','全民传承','[\"poshui1.jpg\"]','https://example.com/poshui.mp4','[\"泼水欢歌迎新年，傣乡风情醉人间\"]','[\"清明\", \"谷雨\"]',22.005600,100.801000,0,0,'2026-03-26 10:23:32','2026-03-26 10:23:32'),(85,'那达慕大会','民俗','民间盛会','元代','内蒙古自治区','national','蒙古族传统盛会，赛马摔跤射箭，草原狂欢节','起源于祭祀，元代成熟，草原重要盛会','游牧文化瑰宝，蒙古族精神象征','全民传承','[\"nadamu1.jpg\"]','https://example.com/nadamu.mp4','[\"草原那达慕欢腾，马背民族展雄风\"]','[\"立夏\", \"小满\"]',40.839000,111.757000,1,0,'2026-03-26 10:23:32','2026-03-26 10:23:32'),(86,'庙会','民俗','民间活动','唐代','北京市','municipal','寺庙祭祀与商贸娱乐结合，民间热闹盛会','唐代兴起，宋代鼎盛，民间重要活动','民俗文化载体，市井生活缩影','全民传承','[\"miaohui1.jpg\"]','https://example.com/miaohui.mp4','[\"庙会熙攘迎宾客，民俗风情醉人心\"]','[\"春节\", \"元宵\"]',39.904200,116.407400,0,0,'2026-03-26 10:23:32','2026-03-26 10:23:32'),(87,'舞龙舞狮','民俗','民间表演','汉代','全国','provincial','喜庆吉祥表演，祈福辟邪，节日必备','汉代起源，历代传承，民间最广泛表演','吉祥文化象征，民间表演瑰宝','全民传承','[\"wulong1.jpg\"]','https://example.com/wulong.mp4','[\"龙狮欢舞歌盛世，锣鼓喧天庆太平\"]','[\"春节\", \"元宵\"]',39.904200,116.407400,0,0,'2026-03-26 10:23:32','2026-03-26 10:23:32'),(88,'送王船','民俗','海洋祭祀','明代','福建省厦门市','national','海洋祭祀仪式，祈福平安，人与海洋和谐','明代起源，闽南与马来西亚共同传承','海洋文化瑰宝，海上丝绸之路信仰','苏永朝','[\"songwangchuan1.jpg\"]','https://example.com/songwangchuan.mp4','[\"王船扬帆祈平安，海丝文化一脉传\"]','[\"立春\", \"雨水\"]',24.478000,118.089000,1,0,'2026-03-26 10:23:32','2026-03-26 10:23:32'),(89,'麦西热甫','民俗','歌舞聚会','唐代','新疆喀什地区','national','维吾尔族民间歌舞聚会，文化娱乐社交结合','唐代起源，维吾尔族重要民俗活动','维吾尔族文化核心，急需保护珍贵遗产','阿不都热依木','[\"maixirefu1.jpg\"]','https://example.com/maixirefu.mp4','[\"麦西热甫欢歌起，西域风情醉人心\"]','[\"春分\", \"秋分\"]',39.470000,75.980000,1,0,'2026-03-26 10:23:32','2026-03-26 10:23:32'),(90,'中医针灸','传统医药','针灸疗法','上古','全国','national','针刺艾灸调理身体，中医外治法核心，世界认可医术','起源于上古，《黄帝内经》记载，传承五千年','中医瑰宝，世界医学奇迹','石学敏','[\"zhenjiu1.jpg\"]','https://example.com/zhenjiu.mp4','[\"一针一灸调气血，千年中医佑安康\"]','[\"立春\", \"立冬\"]',39.904200,116.407400,1,0,'2026-03-26 10:24:12','2026-03-26 10:24:12'),(91,'藏医药浴法','传统医药','药浴疗法','唐代','西藏自治区','national','藏医特色疗法，天然药材泡浴，调理身心','起源于吐蕃时期，《四部医典》记载','藏医瑰宝，少数民族医药精华','尼玛','[\"zangyu1.jpg\"]','https://example.com/zangyu.mp4','[\"药浴清泉调身心，藏医妙术佑苍生\"]','[\"夏至\", \"大暑\"]',29.640000,91.116600,1,0,'2026-03-26 10:24:12','2026-03-26 10:24:12'),(92,'中药炮制技艺','传统医药','制药技艺','汉代','全国','national','中药材加工技艺，减毒增效，中医核心技艺','汉代《神农本草经》记载，传承千年','中医制药瑰宝，中药安全保障','金世元','[\"paozhi1.jpg\"]','https://example.com/paozhi.mp4','[\"炮制虽繁必不敢省人工，品味虽贵必不敢减物力\"]','[\"清明\", \"谷雨\"]',39.904200,116.407400,1,0,'2026-03-26 10:24:12','2026-03-26 10:24:12'),(93,'中医正骨疗法','传统医药','正骨技艺','周代','北京市','provincial','中医手法复位骨折，不开刀疗效好','周代已有记载，历代传承发展','中医骨伤瑰宝，绿色疗法典范','刘柏龄','[\"zhenggu1.jpg\"]','https://example.com/zhenggu.mp4','[\"手法神奇正骨疾，中医妙手回春术\"]','[\"春分\", \"秋分\"]',39.904200,116.407400,0,0,'2026-03-26 10:24:12','2026-03-26 10:24:12'),(94,'苗医药疗法','传统医药','民族医药','上古','贵州省黔东南州','municipal','苗族传统医药，草药治疗，千年经验','起源于上古，苗族口传心授传承','少数民族医药瑰宝，民间医药珍品','雷山苗医','[\"miaoyi1.jpg\"]','https://example.com/miaoyi.mp4','[\"苗家仙草祛顽疾，千年医药佑安康\"]','[\"小满\", \"芒种\"]',26.631000,107.927000,0,0,'2026-03-26 10:24:12','2026-03-26 10:24:12'),(95,'中国皮影戏','曲艺','皮影戏','汉代','全国','national','光影艺术，灯光皮影表演故事，电影鼻祖','汉代起源，唐宋成熟，明清鼎盛，世界最早光影艺术','人类光影艺术鼻祖，民间戏剧瑰宝','魏金全','[\"piying1.jpg\"]','https://example.com/piying.mp4','[\"一口述说千古事，双手对舞百万兵\"]','[\"中秋\", \"重阳\"]',39.904200,116.407400,1,0,'2026-03-26 10:30:06','2026-03-26 10:30:06'),(96,'福建木偶戏','曲艺','木偶戏','唐代','福建省泉州市','national','提线木偶，操控灵活，表演细腻，人类优秀保护实践','唐代起源，宋代成熟，世界木偶艺术巅峰','木偶艺术巅峰，人类保护实践典范','黄奕缺','[\"muou1.jpg\"]','https://example.com/muou.mp4','[\"木偶玲珑演万象，提线传神续传奇\"]','[\"春节\", \"元宵\"]',24.879300,118.584000,1,0,'2026-03-26 10:30:06','2026-03-26 10:30:06'),(97,'相声','曲艺','相声','清代','北京市','provincial','说学逗唱，幽默讽刺，民间喜剧艺术','清代形成于北京，民国成熟，百姓喜爱','民间喜剧瑰宝，语言艺术典范','马三立','[\"xiangsheng1.jpg\"]','https://example.com/xiangsheng.mp4','[\"说学逗唱皆学问，嬉笑怒骂皆文章\"]','[\"立春\", \"立冬\"]',39.904200,116.407400,0,0,'2026-03-26 10:30:06','2026-03-26 10:30:06'),(98,'评书','曲艺','评书','宋代','北京市','municipal','说书讲史，一人一桌一扇，讲述历史故事','宋代瓦舍兴起，历代传承发展','民间讲史艺术，历史传播重要载体','单田芳','[\"pingshu1.jpg\"]','https://example.com/pingshu.mp4','[\"一张嘴说尽天下事，半寸舌谈古论今情\"]','[\"秋分\", \"霜降\"]',39.904200,116.407400,0,0,'2026-03-26 10:30:06','2026-03-26 10:30:06'),(99,'山东快书','曲艺','快书','清代','山东省济南市','municipal','山东方言说唱，节奏明快，幽默风趣','清代形成于山东，民间广泛流传','民间说唱瑰宝，山东文化代表','高元钧','[\"shandongkuai1.jpg\"]','https://example.com/shandongkuai.mp4','[\"快书铿锵唱山东，豪情壮志贯长空\"]','[\"立春\", \"雨水\"]',36.675000,117.006000,0,0,'2026-03-26 10:30:06','2026-03-26 10:30:06'),(100,'京韵大鼓','曲艺','大鼓','清代','北京市','provincial','北京说唱艺术，唱腔优雅，韵味十足','清代形成于北京，民国鼎盛','北方说唱瑰宝，语言音乐艺术','骆玉笙','[\"jingyungu1.jpg\"]','https://example.com/jingyungu.mp4','[\"鼓韵悠扬唱京华，京腔京韵自多情\"]','[\"中秋\", \"重阳\"]',39.904200,116.407400,0,0,'2026-03-26 10:30:06','2026-03-26 10:30:06'),(101,'二人转','曲艺','说唱','清代','辽宁省沈阳市','provincial','东北说唱艺术，说唱结合，风趣幽默','清代形成于东北，民间广泛流传','东北文化代表，民间说唱瑰宝','赵本山','[\"errenzhuan1.jpg\"]','https://example.com/errenzhuan.mp4','[\"二人转里藏欢乐，黑土风情韵味长\"]','[\"立冬\", \"小雪\"]',41.804500,123.432000,0,0,'2026-03-26 10:30:06','2026-03-26 10:30:06'),(102,'赫哲族伊玛堪','曲艺','说唱','上古','黑龙江省同江市','national','赫哲族说唱艺术，讲述英雄故事，急需保护遗产','起源于上古渔猎文明，口传心授传承','渔猎文化活化石，少数民族说唱瑰宝','吴桂凤','[\"yimakan1.jpg\"]','https://example.com/yimakan.mp4','[\"伊玛堪说唱传千古，赫哲文明万古存\"]','[\"冬至\", \"大寒\"]',47.696000,132.461000,1,0,'2026-03-26 10:30:06','2026-03-26 10:30:06'),(103,'格萨(斯)尔','民间文学','史诗','上古','西藏青海四川','national','世界最长史诗，藏族蒙古族英雄史诗，活态史诗','起源于上古，千年口传心授，至今仍在传唱','世界史诗瑰宝，活态传承奇迹','才让旺堆','[\"gesaer1.jpg\"]','https://example.com/gesaer.mp4','[\"英雄史诗传千古，雪域文明万古存\"]','[\"立春\", \"立冬\"]',32.060300,91.116600,1,0,'2026-03-26 10:30:06','2026-03-26 10:30:06'),(104,'玛纳斯','民间文学','史诗','上古','新疆克孜勒苏州','national','柯尔克孜族英雄史诗，三大史诗之一','起源于上古，千年口传心授传承','少数民族史诗瑰宝，世界文化遗产','居素甫·玛玛依','[\"manasi1.jpg\"]','https://example.com/manasi.mp4','[\"玛纳斯史诗耀西域，柯尔克孜万古传\"]','[\"春分\", \"秋分\"]',39.470000,75.980000,1,0,'2026-03-26 10:30:06','2026-03-26 10:30:06'),(105,'侗族叙事歌','民间文学','叙事歌','宋代','贵州省黔东南州','municipal','侗族叙事长歌，讲述历史与爱情故事','宋代已有记载，侗族口传心授传承','侗族文学瑰宝，民间叙事珍品','吴玉竹','[\"dongxushi1.jpg\"]','https://example.com/dongxushi.mp4','[\"侗歌叙事传千古，民族风情万古存\"]','[\"谷雨\", \"立夏\"]',26.631000,107.927000,0,0,'2026-03-26 10:30:06','2026-03-26 10:30:06'),(106,'苗族古歌','民间文学','古歌','上古','贵州省黔东南州','provincial','苗族创世史诗，讲述开天辟地与民族起源','起源于上古，苗族口传心授传承','苗族文学瑰宝，创世史诗珍品','唐春芳','[\"miaoguge1.jpg\"]','https://example.com/miaoguge.mp4','[\"古歌传唱开天地，苗家文明万古存\"]','[\"芒种\", \"夏至\"]',26.727900,107.488000,0,0,'2026-03-26 10:30:06','2026-03-26 10:30:06'),(107,'壮族神话','民间文学','神话','上古','广西壮族自治区','provincial','壮族创世神话，讲述天地万物起源','起源于上古，壮族口传心授传承','壮族文学瑰宝，少数民族神话珍品','农冠品','[\"zhuangshen1.jpg\"]','https://example.com/zhuangshen.mp4','[\"神话传奇传千古，壮乡文明万古存\"]','[\"春分\", \"秋分\"]',22.816700,108.325000,0,0,'2026-03-26 10:30:06','2026-03-26 10:30:06'),(108,'太极拳','传统体育','武术','明代','河南省焦作市','national','阴阳平衡，刚柔并济，养生与武术结合','明代张三丰创立，陈王廷完善，传承四百年','中华武术瑰宝，世界养生运动典范','陈小旺','[\"taiji1.jpg\"]','https://example.com/taiji.mp4','[\"太极阴阳含万象，一招一式养身心\"]','[\"春分\", \"秋分\"]',35.216000,113.223000,1,0,'2026-03-26 10:30:06','2026-03-26 10:30:06'),(109,'中国珠算','传统体育','计算技艺','汉代','全国','national','世界第五大发明，手指运算，心算神器','汉代发明，宋代成熟，使用两千年','人类计算工具奇迹，数学教育瑰宝','王卫达','[\"zhusuan1.jpg\"]','https://example.com/zhusuan.mp4','[\"珠算玲珑通数理，指尖运算定乾坤\"]','[\"立春\", \"立冬\"]',39.904200,116.407400,1,0,'2026-03-26 10:30:06','2026-03-26 10:30:06'),(110,'少林功夫','传统体育','武术','北魏','河南省登封市','national','中华武术巅峰，禅武合一，天下功夫出少林','北魏少林寺创立，唐代鼎盛，名扬世界','中华武术象征，禅武文化瑰宝','释永信','[\"shaolin1.jpg\"]','https://example.com/shaolin.mp4','[\"少林功夫名天下，禅武合一耀中华\"]','[\"春分\", \"秋分\"]',34.500000,113.033000,1,0,'2026-03-26 10:30:06','2026-03-26 10:30:06'),(111,'武当功夫','传统体育','武术','明代','湖北省十堰市','provincial','内家拳代表，以柔克刚，道家武术','明代张三丰创立，道家武术核心','道家武术瑰宝，内家拳典范','钟云龙','[\"wudang1.jpg\"]','https://example.com/wudang.mp4','[\"武当太极含真气，道家功夫万古传\"]','[\"立春\", \"立冬\"]',32.560000,111.037000,0,0,'2026-03-26 10:30:06','2026-03-26 10:30:06'),(112,'中国传统制茶技艺及其相关习俗','传统体育','茶文化','唐代','全国','national','绿茶红茶乌龙茶等制作技艺，茶文化核心','唐代兴起，宋代鼎盛，明清普及全球','茶文化瑰宝，世界共享非遗','陈宗懋','[\"chazhizao1.jpg\"]','https://example.com/chazhizao.mp4','[\"春共山中采，香宜竹里煎\"]','[\"清明\", \"谷雨\"]',30.274100,120.155000,1,0,'2026-03-26 10:30:06','2026-03-26 10:30:06');
/*!40000 ALTER TABLE `intangible_cultural_heritage` ENABLE KEYS */;
UNLOCK TABLES;

--
-- Dumping data for table `merchant_applications`
--

LOCK TABLES `merchant_applications` WRITE;
/*!40000 ALTER TABLE `merchant_applications` DISABLE KEYS */;
/*!40000 ALTER TABLE `merchant_applications` ENABLE KEYS */;
UNLOCK TABLES;

--
-- Dumping data for table `messages`
--

LOCK TABLES `messages` WRITE;
/*!40000 ALTER TABLE `messages` DISABLE KEYS */;
INSERT INTO `messages` VALUES (12,4,10000,10011,'hello,what is your name?','text','en',1,'2026-03-20 15:33:31',_binary '\0',_binary '\0'),(13,4,10011,10000,'你好我叫Jane','text','auto',1,'2026-03-20 15:42:04',_binary '\0',_binary '\0'),(14,4,10011,10000,'你呢，你叫什么','text','auto',1,'2026-03-20 15:43:35',_binary '\0',_binary '\0'),(15,4,10011,10000,'你好','text','zh',1,'2026-03-21 00:16:23',_binary '\0',_binary '\0'),(16,5,10020,10011,'你好','text','zh',1,'2026-03-21 03:28:20',_binary '\0',_binary ''),(18,5,10020,10011,'在吗','text','zh',1,'2026-03-21 03:28:54',_binary '\0',_binary '\0');
/*!40000 ALTER TABLE `messages` ENABLE KEYS */;
UNLOCK TABLES;

--
-- Dumping data for table `notifications`
--

LOCK TABLES `notifications` WRITE;
/*!40000 ALTER TABLE `notifications` DISABLE KEYS */;
INSERT INTO `notifications` VALUES (5,10011,'collection',10000,1,NULL,'y0 收藏了你的帖子',1,'2026-03-19 20:14:40'),(6,10000,'collection',10011,2,NULL,'+1 收藏了你的帖子',1,'2026-03-20 09:26:59'),(8,10011,'collection',10000,4,NULL,'y0 收藏了你的帖子',1,'2026-03-20 19:00:02'),(9,10011,'collection',10020,6,NULL,'123 收藏了你的帖子',1,'2026-03-21 03:26:13'),(16,10000,'comment',10011,2,42,'+1 回复了你的评论: 33',1,'2026-03-24 18:14:06');
/*!40000 ALTER TABLE `notifications` ENABLE KEYS */;
UNLOCK TABLES;

--
-- Dumping data for table `official_contents`
--

LOCK TABLES `official_contents` WRITE;
/*!40000 ALTER TABLE `official_contents` DISABLE KEYS */;
/*!40000 ALTER TABLE `official_contents` ENABLE KEYS */;
UNLOCK TABLES;

--
-- Dumping data for table `orders`
--

LOCK TABLES `orders` WRITE;
/*!40000 ALTER TABLE `orders` DISABLE KEYS */;
/*!40000 ALTER TABLE `orders` ENABLE KEYS */;
UNLOCK TABLES;

--
-- Dumping data for table `phrases`
--

LOCK TABLES `phrases` WRITE;
/*!40000 ALTER TABLE `phrases` DISABLE KEYS */;
INSERT INTO `phrases` VALUES (4,10011,'非常感谢。','收藏','2026-03-20 17:10:09',NULL),(6,10000,'非常感谢','收藏','2026-03-20 17:14:16',NULL),(7,10000,'嗨，很高兴认识你','收藏','2026-03-20 19:33:51','hi,nice to meet you'),(57,10020,'你好，请问附近有洗手间吗？','日常','2026-03-21 03:16:08','こんにちは、近くにトイレはありますか？'),(58,10020,'这个多少钱？','買い物','2026-03-21 03:16:08','これはいくらですか？'),(59,10020,'请给我一杯咖啡','飲食','2026-03-21 03:16:08','コーヒーを一杯ください'),(60,10020,'请问怎么去机场？','交通','2026-03-21 03:16:08','空港へはどうやって行きますか？'),(61,10020,'我需要帮助','緊急','2026-03-21 03:16:08','助けが必要です'),(62,10020,'谢谢你的帮助','礼儀','2026-03-21 03:16:08','助けてくれてありがとう'),(63,10020,'我不会说当地语言','コミュニケーション','2026-03-21 03:16:08','現地の言葉が話せません'),(64,10020,'请说慢一点','コミュニケーション','2026-03-21 03:16:08','もっとゆっくり話してください'),(82,10023,'你好，请问附近有洗手间吗？','日常','2026-03-22 07:19:34','你好，请问附近有洗手间吗？'),(83,10023,'这个多少钱？','购物','2026-03-22 07:19:34','这个多少钱？'),(84,10023,'请给我一杯咖啡','餐饮','2026-03-22 07:19:34','请给我一杯咖啡'),(85,10023,'请问怎么去机场？','交通','2026-03-22 07:19:34','请问怎么去机场？'),(86,10023,'我需要帮助','紧急','2026-03-22 07:19:34','我需要帮助'),(87,10023,'谢谢你的帮助','礼貌','2026-03-22 07:19:34','谢谢你的帮助'),(88,10023,'我不会说当地语言','沟通','2026-03-22 07:19:34','我不会说当地语言'),(89,10023,'请说慢一点','沟通','2026-03-22 07:19:34','请说慢一点');
/*!40000 ALTER TABLE `phrases` ENABLE KEYS */;
UNLOCK TABLES;

--
-- Dumping data for table `roles`
--

LOCK TABLES `roles` WRITE;
/*!40000 ALTER TABLE `roles` DISABLE KEYS */;
INSERT INTO `roles` VALUES (1,'user','普通用户'),(2,'merchant','商家'),(3,'admin','管理员');
/*!40000 ALTER TABLE `roles` ENABLE KEYS */;
UNLOCK TABLES;

--
-- Dumping data for table `travel_post_collections`
--

LOCK TABLES `travel_post_collections` WRITE;
/*!40000 ALTER TABLE `travel_post_collections` DISABLE KEYS */;
INSERT INTO `travel_post_collections` VALUES (11,1,10000,'2026-03-19 20:14:40'),(12,4,10011,'2026-03-20 09:25:24'),(13,2,10011,'2026-03-20 09:26:59'),(15,4,10000,'2026-03-20 19:00:02'),(17,6,10020,'2026-03-21 03:26:13');
/*!40000 ALTER TABLE `travel_post_collections` ENABLE KEYS */;
UNLOCK TABLES;

--
-- Dumping data for table `travel_post_comment_likes`
--

LOCK TABLES `travel_post_comment_likes` WRITE;
/*!40000 ALTER TABLE `travel_post_comment_likes` DISABLE KEYS */;
INSERT INTO `travel_post_comment_likes` VALUES (1,2,10000,'2026-03-19 17:38:05');
/*!40000 ALTER TABLE `travel_post_comment_likes` ENABLE KEYS */;
UNLOCK TABLES;

--
-- Dumping data for table `travel_post_comments`
--

LOCK TABLES `travel_post_comments` WRITE;
/*!40000 ALTER TABLE `travel_post_comments` DISABLE KEYS */;
INSERT INTO `travel_post_comments` VALUES (1,1,10011,NULL,NULL,'hi，every one,this is my first post',0,'2026-03-19 13:51:50','zh'),(2,1,10000,NULL,NULL,'欢迎来到travelate!!!',1,'2026-03-19 14:05:28','zh'),(3,3,10000,NULL,NULL,'夏夜里的晚风',0,'2026-03-19 17:23:41','zh'),(4,1,10000,2,10000,'回复功能也这么轻而易举被我实现了',0,'2026-03-19 17:36:14','zh'),(6,1,10000,4,10000,'删除评论、点赞评论也是轻而易举',0,'2026-03-19 17:45:13','zh'),(18,2,10000,NULL,NULL,'11',0,'2026-03-19 19:08:42','zh'),(19,2,10000,NULL,NULL,'76',0,'2026-03-19 19:21:16','zh'),(25,6,10011,NULL,NULL,'你好',0,'2026-03-21 03:06:35','zh'),(26,6,10011,25,10011,'你也好',0,'2026-03-21 03:06:43','zh'),(27,7,10020,NULL,NULL,'12345',0,'2026-03-21 03:25:29','auto'),(42,2,10011,19,10000,'33',0,'2026-03-24 18:14:06','auto'),(46,1,10011,1,10011,'✌',0,'2026-03-24 18:23:14','auto'),(55,6,10011,25,10011,'✌',0,'2026-03-24 18:44:08','auto');
/*!40000 ALTER TABLE `travel_post_comments` ENABLE KEYS */;
UNLOCK TABLES;

--
-- Dumping data for table `travel_post_history`
--

LOCK TABLES `travel_post_history` WRITE;
/*!40000 ALTER TABLE `travel_post_history` DISABLE KEYS */;
INSERT INTO `travel_post_history` VALUES (1,1,10011,44,'2026-03-24 18:42:08'),(3,1,10000,24,'2026-03-19 20:14:28'),(4,2,10000,51,'2026-03-24 18:43:18'),(5,3,10000,15,'2026-03-20 17:44:16'),(6,2,10011,34,'2026-03-24 18:37:19'),(7,3,10011,8,'2026-03-25 09:39:46'),(8,4,10011,14,'2026-03-25 09:40:02'),(9,4,10000,2,'2026-03-20 17:49:40'),(10,5,10000,7,'2026-03-20 18:59:49'),(11,5,10011,5,'2026-03-24 18:39:09'),(12,6,10011,21,'2026-03-24 18:43:49'),(14,6,10020,6,'2026-03-21 03:29:11'),(15,5,10020,1,'2026-03-21 03:19:04'),(16,7,10020,3,'2026-03-21 03:26:11'),(25,7,10011,2,'2026-03-25 09:39:28'),(26,6,10000,1,'2026-03-24 18:42:42');
/*!40000 ALTER TABLE `travel_post_history` ENABLE KEYS */;
UNLOCK TABLES;

--
-- Dumping data for table `travel_posts`
--

LOCK TABLES `travel_posts` WRITE;
/*!40000 ALTER TABLE `travel_posts` DISABLE KEYS */;
INSERT INTO `travel_posts` VALUES (1,10011,'游戏美景治愈人心','漂浮在寂静无垠的大海上','travel','[\"https://travelate.oss-cn-wuhan-lr.aliyuncs.com/posts/1/3264b64d-d59b-4620-8689-2e35dbd01152.png\",\"https://travelate.oss-cn-wuhan-lr.aliyuncs.com/posts/1/c159c89f-a9fd-4651-9abd-0ec45e032aa4.png\"]','[\"风景\",\"游戏\",\"vibe\"]',1,73,5,'2026-03-19 13:51:19','2026-03-24 18:42:08',NULL,1,'zh'),(2,10000,'黄鹤楼不只是与火车同框｜与汽车同框也出片','黄鹤楼与京广线火车同框是一网红机位（透过铁丝网拍摄），外地人来黄鹤楼游玩打卡，通常会在此机位拍摄一两张黄鹤楼与火车同框照。但很少人知道，在此机位的马路正对面人行道上，也有一个拍摄黄鹤楼的绝佳机位：可以拍到黄鹤楼与过往长江大桥的汽车同框照。\n机位点：\n与网红铁丝网打卡点马路相隔，即大桥南侧人行道上；\n到达路线：\n①司门口天桥横穿铁路、公路，上南侧人行道，往桥头堡方向步行五六百米即到；\n②中华路码头沿江逆行，穿过大桥后立即左拐，沿台阶拾级而上，到达公路桥面即是。','travel','[\"https://travelate.oss-cn-wuhan-lr.aliyuncs.com/posts/2/85d1f028-6071-4825-92a0-4e92322710df.jpg\",\"https://travelate.oss-cn-wuhan-lr.aliyuncs.com/posts/2/c1c45dd4-d65b-44d5-b1ae-d49d20792514.jpg\",\"https://travelate.oss-cn-wuhan-lr.aliyuncs.com/posts/2/e7160a3b-94da-47dd-82f5-eae2ca242c76.jpg\"]','[\"旅行\",\"风景\",\"攻略\"]',1,86,3,'2026-03-19 14:36:54','2026-03-24 18:43:18',NULL,1,'zh'),(3,10000,'有被这几晚的东湖美到！','下午6点多，在东湖边的慢跑~','travel','[\"https://travelate.oss-cn-wuhan-lr.aliyuncs.com/posts/3/3eaa5725-3a4d-42bd-a57d-daf6e2deb1ca.jpg\",\"https://travelate.oss-cn-wuhan-lr.aliyuncs.com/posts/3/863ace20-e1a5-4eb6-8417-563837e8757e.jpg\"]','[\"武汉\",\"东湖\",\"大自然\",\"风景\",\"晚霞\"]',1,23,1,'2026-03-19 16:05:31','2026-03-25 09:39:46',NULL,1,'zh'),(4,10011,'武汉被严重低估的山寺樱花！好有禅意','宝通寺樱花 宝通寺对面梦时代的粉色樱花开的真好，有十几颗，楼上可以拍宝通寺全景','tips','[\"https://travelate.oss-cn-wuhan-lr.aliyuncs.com/posts/4/c8307dfe-800f-4c4a-8cb5-50ff389a4ff0.jpg\",\"https://travelate.oss-cn-wuhan-lr.aliyuncs.com/posts/4/67e5ea6c-165b-4ec4-a143-3c865bb2fce4.jpg\",\"https://travelate.oss-cn-wuhan-lr.aliyuncs.com/posts/4/418b65c4-2945-4986-9bb9-b26cf9e6efc1.jpg\"]','[\"风景\",\"宝通寺\",\"樱花\",\"春天\"]',1,17,0,'2026-03-20 09:20:15','2026-03-25 09:40:02',NULL,2,'zh'),(5,10000,'A one-day tour of the Forbidden City','Today I started my Beijing trip and my first stop was the Forbidden City. Take a look at the photos I took.','travel','[\"https://travelate.oss-cn-wuhan-lr.aliyuncs.com/posts/5/eb8873f9-2140-4958-985a-7de9ca7565c8.jpg\",\"https://travelate.oss-cn-wuhan-lr.aliyuncs.com/posts/5/7d8f8992-da48-4b95-956a-e8db25bc0aa5.jpg\",\"https://travelate.oss-cn-wuhan-lr.aliyuncs.com/posts/5/392f3f84-ef3c-4e70-8256-6b62f75a2fd3.jpg\"]','[\"Travel\",\"ForbiddenCity\",\"Beijing\"]',1,15,0,'2026-03-20 17:53:41','2026-03-24 18:39:09',NULL,0,'auto'),(6,10011,'111','interesting\nfunny','travel','[\"https://travelate.oss-cn-wuhan-lr.aliyuncs.com/posts/6/67129ed2-ae7d-48c1-bbef-2c48ded959ed.jpg\"]','[\"风景\"]',1,31,3,'2026-03-21 00:17:37','2026-03-24 18:44:57',NULL,2,'en'),(7,10020,'别只拍金光穿洞了，来拍佛香阁亮灯吧！','今天给大家分享的是佛香阁亮灯。\n一年一度金光穿洞又开始，不过人依旧多得给力，实在挤不进去的话建议还是从西门进，来畅观堂附近拍颐和园亮灯。尤其这个机位，佛香阁和豳风桥都亮起来后，等到蓝调时刻，会非常有意境，推荐大家都来打卡。佛香阁周五周六亮灯。','travel','[\"https://travelate.oss-cn-wuhan-lr.aliyuncs.com/posts/7/5ea1bc27-60d3-452a-b5ba-dd0e2c5235e9.jpg\",\"https://travelate.oss-cn-wuhan-lr.aliyuncs.com/posts/7/fa523867-578a-4892-9cb4-59e020ca2a70.jpg\"]','[\"北京旅游\",\"古建筑摄影\",\"颐和园\",\"摄影\"]',1,6,1,'2026-03-21 03:23:40','2026-03-25 09:39:29',NULL,0,'zh');
/*!40000 ALTER TABLE `travel_posts` ENABLE KEYS */;
UNLOCK TABLES;

--
-- Dumping data for table `users`
--

LOCK TABLES `users` WRITE;
/*!40000 ALTER TABLE `users` DISABLE KEYS */;
INSERT INTO `users` VALUES (10000,'15171483964','$2a$10$HVUF5YBQdeLGoYyPOcMYx.fUZSjCl8mlE4afIgaSUq83ajH9PZOpa','15171483964',NULL,'China',NULL,'zh','none',NULL,NULL,NULL,'ja','CN','y0',NULL,0,0,'https://api.dicebear.com/7.x/avataaars/svg?seed=15171483964','user',1,'2026-03-24 18:42:38','2026-03-10 02:52:02','2026-03-24 18:42:38',NULL,0),(10007,'yenOmld','$2a$10$cmYPMGS7d/wYCq.wnGbaTOBCM80X8T5Tpg62WnFz1ef6O0FL9KI4S',NULL,'2971549832@qq.com','China',NULL,'zh','none',NULL,NULL,NULL,NULL,NULL,'用户6724',NULL,0,0,'https://avatars.githubusercontent.com/u/189572187?v=4','user',1,'2026-03-10 12:27:06','2026-03-10 12:11:21','2026-03-11 08:42:07','189572187',0),(10011,'qinjiayi_1106@qq.com','$2a$10$Bw/vbiFWTIl0ermD7JF7e.CdWtBTTWUnRl34hWP/s2LFYB09df3W2',NULL,'qinjiayi_1106@qq.com','China',NULL,'zh','none',NULL,NULL,NULL,'zh','CN','+1',NULL,0,0,'https://travelate.oss-cn-wuhan-lr.aliyuncs.com/avatars/10011.png','user',1,'2026-03-25 21:33:39','2026-03-13 01:57:15','2026-03-25 21:33:39',NULL,0),(10020,'2894717528@qq.com','$2a$10$kb5zRuvBKTbthpHrGI8zyeCwvAbDbQWK8.iKLiQp89HUfmxGlihrW',NULL,'2894717528@qq.com','Japan',NULL,'zh','none',NULL,NULL,NULL,'zh','JP','123',NULL,0,0,'https://travelate.oss-cn-wuhan-lr.aliyuncs.com/avatars/b5e816fc-6097-4482-ad9d-81f5017317b6.jpg','user',1,'2026-03-21 03:16:11','2026-03-21 03:16:08','2026-03-21 09:48:17',NULL,0),(10023,'qianrui2006@qq.com','$2a$10$920GHF7Gc5Prpfh2K0PRaeNJpF/sR9DuAbK/d0l3XvG7LDzhUccvS',NULL,'qianrui2006@qq.com','China',NULL,'zh','none',NULL,NULL,NULL,'zh','CN','用户8346',NULL,0,0,'https://api.dicebear.com/7.x/avataaars/svg?seed=qianrui2006@qq.com','user',1,'2026-03-22 07:19:36','2026-03-22 07:19:34','2026-03-22 07:19:36',NULL,0),(10024,'admin','$2a$10$jPeVG0d./Wwx.UdVdJUM9egagcmwX.SmQa358BQGIaU.kucmhAzYS',NULL,'admin@yayfolk.com','China','YayFolk Admin Center','zh','none',NULL,NULL,'平台管理员账号','zh','CN','系统管理员',NULL,0,0,'https://api.dicebear.com/7.x/avataaars/svg?seed=admin','admin',1,NULL,'2026-03-26 18:00:00','2026-03-26 18:00:00',NULL,1);
/*!40000 ALTER TABLE `users` ENABLE KEYS */;
UNLOCK TABLES;
/*!40103 SET TIME_ZONE=@OLD_TIME_ZONE */;

/*!40101 SET SQL_MODE=@OLD_SQL_MODE */;
/*!40014 SET FOREIGN_KEY_CHECKS=@OLD_FOREIGN_KEY_CHECKS */;
/*!40014 SET UNIQUE_CHECKS=@OLD_UNIQUE_CHECKS */;
/*!40101 SET CHARACTER_SET_CLIENT=@OLD_CHARACTER_SET_CLIENT */;
/*!40101 SET CHARACTER_SET_RESULTS=@OLD_CHARACTER_SET_RESULTS */;
/*!40101 SET COLLATION_CONNECTION=@OLD_COLLATION_CONNECTION */;
/*!40111 SET SQL_NOTES=@OLD_SQL_NOTES */;

-- Dump completed on 2026-03-26 16:37:46
