-- MySQL dump 10.13  Distrib 8.0.42, for Win64 (x86_64)
--
-- Host: localhost    Database: yayfolk
-- ------------------------------------------------------
-- Server version	8.0.42

/*!40101 SET @OLD_CHARACTER_SET_CLIENT=@@CHARACTER_SET_CLIENT */;
/*!40101 SET @OLD_CHARACTER_SET_RESULTS=@@CHARACTER_SET_RESULTS */;
/*!40101 SET @OLD_COLLATION_CONNECTION=@@COLLATION_CONNECTION */;
/*!50503 SET NAMES utf8mb4 */;
/*!40103 SET @OLD_TIME_ZONE=@@TIME_ZONE */;
/*!40103 SET TIME_ZONE='+00:00' */;
/*!40014 SET @OLD_UNIQUE_CHECKS=@@UNIQUE_CHECKS, UNIQUE_CHECKS=0 */;
/*!40014 SET @OLD_FOREIGN_KEY_CHECKS=@@FOREIGN_KEY_CHECKS, FOREIGN_KEY_CHECKS=0 */;
/*!40101 SET @OLD_SQL_MODE=@@SQL_MODE, SQL_MODE='NO_AUTO_VALUE_ON_ZERO' */;
/*!40111 SET @OLD_SQL_NOTES=@@SQL_NOTES, SQL_NOTES=0 */;

--
-- Dumping data for table `activities`
--

LOCK TABLES `activities` WRITE;
/*!40000 ALTER TABLE `activities` DISABLE KEYS */;
INSERT INTO `activities` VALUES (4,10025,NULL,'京剧脸谱沉浸体验',NULL,NULL,NULL,NULL,NULL,NULL,NULL,NULL,'2026-03-28 09:52:40','2027-03-28 09:52:40',NULL,NULL,NULL,1,0,NULL,'北京','北京',NULL,'北京市东城区京华非遗剧场','ongoing','approved','',0,0,0,0,'2026-03-28 09:52:40','2026-04-03 02:01:38',2),(5,10025,NULL,'景泰蓝掐丝点蓝工坊',NULL,NULL,NULL,NULL,NULL,NULL,'offline',NULL,'2026-03-28 09:52:00','2027-03-28 09:52:00',NULL,NULL,NULL,1,0,NULL,'北京','北京',NULL,'北京市东城区京华器物馆','ongoing','approved',NULL,0,0,0,0,'2026-03-28 09:52:40','2026-04-03 02:01:39',2),(6,10025,NULL,'庙会面塑亲子课程',NULL,NULL,NULL,NULL,NULL,NULL,NULL,NULL,'2026-03-28 09:52:40','2027-03-28 09:52:40',NULL,NULL,NULL,0,0,NULL,'北京','北京',NULL,'北京市前门民俗体验馆','ongoing','approved',NULL,0,0,0,0,'2026-03-28 09:52:40','2026-04-03 02:01:39',2),(7,10025,NULL,'中轴灯彩夜游手作课',NULL,NULL,NULL,NULL,NULL,NULL,NULL,NULL,'2026-03-28 09:52:40','2027-03-28 09:52:40',NULL,NULL,NULL,0,0,NULL,'北京','北京',NULL,'北京市东城区灯彩工坊','ongoing','approved',NULL,0,0,0,0,'2026-03-28 09:52:40','2026-04-03 02:01:39',2),(8,10025,NULL,'清明风筝彩绘体验',NULL,NULL,NULL,NULL,NULL,NULL,NULL,NULL,'2026-03-28 09:52:40','2027-03-28 09:52:40',NULL,NULL,NULL,0,0,NULL,'北京','北京',NULL,'北京市朝阳公园风筝坊','ongoing','approved',NULL,0,0,0,0,'2026-03-28 09:52:40','2026-04-03 02:01:39',2),(9,10025,NULL,'京绣节庆纹样体验',NULL,NULL,NULL,NULL,NULL,NULL,NULL,NULL,'2026-03-28 09:52:40','2027-03-28 09:52:40',NULL,NULL,NULL,0,0,NULL,'北京','北京',NULL,'北京市东城区京绣工坊','ongoing','approved',NULL,0,0,0,0,'2026-03-28 09:52:40','2026-04-03 02:01:37',2),(10,10025,NULL,'兔儿爷彩塑手作课',NULL,NULL,NULL,NULL,NULL,NULL,NULL,NULL,'2026-03-28 09:52:40','2027-03-28 09:52:40',NULL,NULL,NULL,0,0,NULL,'北京','北京',NULL,'北京市东城区民艺体验馆','ongoing','approved',NULL,0,0,0,0,'2026-03-28 09:52:40','2026-04-03 02:01:37',2),(11,10025,NULL,'京作剪纸窗花体验',NULL,NULL,NULL,NULL,NULL,NULL,NULL,NULL,'2026-03-28 09:52:40','2027-03-28 09:52:40',NULL,NULL,NULL,0,0,NULL,'北京','北京',NULL,'北京市东城区剪纸工坊','ongoing','approved',NULL,0,0,0,0,'2026-03-28 09:52:40','2026-04-03 02:01:37',2),(12,10025,NULL,'毛猴造景手作课',NULL,NULL,NULL,NULL,NULL,NULL,NULL,NULL,'2026-03-28 09:52:40','2027-03-28 09:52:40',NULL,NULL,NULL,0,0,NULL,'北京','北京',NULL,'北京市前门京味工坊','ongoing','approved',NULL,0,0,0,0,'2026-03-28 09:52:40','2026-04-03 02:01:37',2),(13,10025,NULL,'冰糖葫芦熬糖体验',NULL,NULL,NULL,NULL,NULL,NULL,NULL,NULL,'2026-03-28 09:52:40','2027-03-28 09:52:40',NULL,NULL,NULL,0,0,NULL,'北京','北京',NULL,'北京市东城区年味市集','ongoing','approved',NULL,0,0,0,0,'2026-03-28 09:52:40','2026-04-03 02:01:37',2),(14,10026,NULL,'苏绣针法体验课',NULL,NULL,NULL,NULL,NULL,NULL,NULL,NULL,'2026-03-28 09:52:40','2027-03-28 09:52:40',NULL,NULL,NULL,0,0,NULL,'江苏','苏州',NULL,'苏州市姑苏区苏作匠心馆','ongoing','approved',NULL,0,0,0,0,'2026-03-28 09:52:40','2026-04-03 02:01:37',3),(15,10026,NULL,'昆山腔身段体验',NULL,NULL,NULL,NULL,NULL,NULL,NULL,NULL,'2026-03-28 09:52:40','2027-03-28 09:52:40',NULL,NULL,NULL,0,0,NULL,'江苏','苏州',NULL,'苏州市昆曲小剧场','ongoing','approved',NULL,0,0,0,0,'2026-03-28 09:52:40','2026-04-03 02:01:37',3),(16,10026,NULL,'苏扇绘制与装裱课',NULL,NULL,NULL,NULL,NULL,NULL,NULL,NULL,'2026-03-28 09:52:40','2027-03-28 09:52:40',NULL,NULL,NULL,0,0,NULL,'江苏','苏州',NULL,'苏州市姑苏区制扇馆','ongoing','approved',NULL,0,0,0,0,'2026-03-28 09:52:40','2026-04-03 02:01:37',3),(17,10026,NULL,'缂丝经纬体验课',NULL,NULL,NULL,NULL,NULL,NULL,NULL,NULL,'2026-03-28 09:52:40','2027-03-28 09:52:40',NULL,NULL,NULL,0,0,NULL,'江苏','苏州',NULL,'苏州市织造体验馆','ongoing','approved',NULL,0,0,0,0,'2026-03-28 09:52:40','2026-04-03 02:01:37',3),(18,10027,NULL,'云锦织机观摩与纹样设计',NULL,NULL,NULL,NULL,NULL,NULL,NULL,NULL,'2026-03-28 09:52:40','2027-03-28 09:52:40',NULL,NULL,NULL,0,0,NULL,'江苏','南京',NULL,'南京市秦淮区金陵雅集馆','ongoing','approved',NULL,0,0,0,0,'2026-03-28 09:52:40','2026-04-03 02:01:37',4),(19,10027,NULL,'木版年画印制课',NULL,NULL,NULL,NULL,NULL,NULL,NULL,NULL,'2026-03-28 09:52:40','2027-03-28 09:52:40',NULL,NULL,NULL,0,0,NULL,'江苏','南京',NULL,'苏州市桃花坞木版工作室','ongoing','approved',NULL,0,0,0,0,'2026-03-28 09:52:40','2026-04-03 02:01:38',4),(20,10027,NULL,'秦淮灯彩夜游体验',NULL,NULL,NULL,NULL,NULL,NULL,NULL,NULL,'2026-03-28 09:52:40','2027-03-28 09:52:40',NULL,NULL,NULL,0,0,NULL,'江苏','南京',NULL,'南京市夫子庙灯彩展馆','ongoing','approved',NULL,0,0,0,0,'2026-03-28 09:52:40','2026-04-03 02:01:38',4),(21,10027,NULL,'宋锦织造纹样体验',NULL,NULL,NULL,NULL,NULL,NULL,NULL,NULL,'2026-03-28 09:52:40','2027-03-28 09:52:40',NULL,NULL,NULL,0,0,NULL,'江苏','南京',NULL,'苏州市宋锦体验中心','ongoing','approved',NULL,0,0,0,0,'2026-03-28 09:52:40','2026-04-03 02:01:38',4),(22,10027,NULL,'清明踏青习俗导览',NULL,NULL,NULL,NULL,NULL,NULL,NULL,NULL,'2026-03-28 09:52:40','2027-03-28 09:52:40',NULL,NULL,NULL,0,0,NULL,'江苏','南京',NULL,'南京市郊春日体验点','ongoing','approved',NULL,0,0,0,0,'2026-03-28 09:52:40','2026-04-03 02:01:38',4),(23,10028,NULL,'宣纸抄纸体验营',NULL,NULL,NULL,NULL,NULL,NULL,NULL,NULL,'2026-03-28 09:52:40','2027-03-28 09:52:40',NULL,NULL,NULL,0,0,NULL,'安徽','黄山',NULL,'宣城市泾县宣纸工坊','ongoing','approved',NULL,0,0,0,0,'2026-03-28 09:52:40','2026-04-03 02:01:38',5),(24,10028,NULL,'歙砚雕刻体验',NULL,NULL,NULL,NULL,NULL,NULL,NULL,NULL,'2026-03-28 09:52:40','2027-03-28 09:52:40',NULL,NULL,NULL,0,0,NULL,'安徽','黄山',NULL,'黄山市歙县砚文化馆','ongoing','approved',NULL,0,0,0,0,'2026-03-28 09:52:40','2026-04-03 02:01:38',5),(25,10028,NULL,'徽墨制墨闻香课',NULL,NULL,NULL,NULL,NULL,NULL,NULL,NULL,'2026-03-28 09:52:40','2027-03-28 09:52:40',NULL,NULL,NULL,0,0,NULL,'安徽','黄山',NULL,'黄山市屯溪区墨艺工坊','ongoing','approved',NULL,0,0,0,0,'2026-03-28 09:52:40','2026-04-03 02:01:38',5),(26,10028,NULL,'端午香包佩饰手作',NULL,NULL,NULL,NULL,NULL,NULL,NULL,NULL,'2026-03-28 09:52:40','2027-03-28 09:52:40',NULL,NULL,NULL,0,0,NULL,'安徽','黄山',NULL,'黄山市民俗体验馆','ongoing','approved',NULL,0,0,0,0,'2026-03-28 09:52:40','2026-04-03 02:01:38',5),(27,10029,NULL,'成都糖画庙会体验',NULL,NULL,NULL,NULL,NULL,NULL,NULL,NULL,'2026-03-28 09:52:40','2027-03-28 09:52:40',NULL,NULL,NULL,0,0,NULL,'四川','成都',NULL,'成都市锦江区蜀风市集','ongoing','approved',NULL,0,0,0,0,'2026-03-28 09:52:40','2026-04-03 02:01:38',6),(28,10029,NULL,'川剧变脸夜场互动',NULL,NULL,NULL,NULL,NULL,NULL,NULL,NULL,'2026-03-28 09:52:40','2027-03-28 09:52:40',NULL,NULL,NULL,0,0,NULL,'四川','成都',NULL,'成都市锦江剧场','ongoing','approved',NULL,0,0,0,0,'2026-03-28 09:52:40','2026-04-03 02:01:38',6),(29,10029,NULL,'蜀绣针法体验课',NULL,NULL,NULL,NULL,NULL,NULL,NULL,NULL,'2026-03-28 09:52:40','2027-03-28 09:52:40',NULL,NULL,NULL,0,0,NULL,'四川','成都',NULL,'成都市非遗织绣中心','ongoing','approved',NULL,0,0,0,0,'2026-03-28 09:52:40','2026-04-03 02:01:38',6),(30,10029,NULL,'竹编手作半日课',NULL,NULL,NULL,NULL,NULL,NULL,NULL,NULL,'2026-03-28 09:52:40','2027-03-28 09:52:40',NULL,NULL,NULL,0,0,NULL,'四川','成都',NULL,'眉山市青神竹编基地','ongoing','approved',NULL,0,0,0,0,'2026-03-28 09:52:40','2026-04-03 02:01:38',6),(31,10030,NULL,'唐风壁画临摹课',NULL,NULL,NULL,NULL,NULL,NULL,NULL,NULL,'2026-03-28 09:52:40','2027-03-28 09:52:40',NULL,NULL,NULL,0,0,NULL,'陕西','西安',NULL,'西安市长安艺脉馆','ongoing','approved',NULL,0,0,0,0,'2026-03-28 09:52:40','2026-04-03 02:01:38',7),(32,10030,NULL,'碑刻传拓体验',NULL,NULL,NULL,NULL,NULL,NULL,NULL,NULL,'2026-03-28 09:52:40','2027-03-28 09:52:40',NULL,NULL,NULL,0,0,NULL,'陕西','西安',NULL,'西安市碑林拓印中心','ongoing','approved',NULL,0,0,0,0,'2026-03-28 09:52:40','2026-04-03 02:01:38',7),(33,10030,NULL,'长安宫灯彩绘夜游',NULL,NULL,NULL,NULL,NULL,NULL,NULL,NULL,'2026-03-28 09:52:40','2027-03-28 09:52:40',NULL,NULL,NULL,0,0,NULL,'陕西','西安',NULL,'西安市大唐风华街区','ongoing','approved',NULL,0,0,0,0,'2026-03-28 09:52:40','2026-04-03 02:01:38',7),(34,10031,NULL,'苗绣纹样体验',NULL,NULL,NULL,NULL,NULL,NULL,NULL,NULL,'2026-03-28 09:52:40','2027-03-28 09:52:40',NULL,NULL,NULL,0,0,NULL,'贵州','黔东南',NULL,'凯里市苗绣生活馆','ongoing','approved',NULL,0,0,0,0,'2026-03-28 09:52:40','2026-04-03 02:01:38',8),(35,10031,NULL,'银饰锻制体验',NULL,NULL,NULL,NULL,NULL,NULL,NULL,NULL,'2026-03-28 09:52:40','2027-03-28 09:52:40',NULL,NULL,NULL,0,0,NULL,'贵州','黔东南',NULL,'凯里市银饰非遗馆','ongoing','approved',NULL,0,0,0,0,'2026-03-28 09:52:40','2026-04-03 02:01:38',8),(36,10032,NULL,'壮锦织机体验',NULL,NULL,NULL,NULL,NULL,NULL,NULL,NULL,'2026-03-28 09:52:40','2027-03-28 09:52:40',NULL,NULL,NULL,0,0,NULL,'广西','南宁',NULL,'南宁市壮锦工坊','ongoing','approved',NULL,0,0,0,0,'2026-03-28 09:52:40','2026-04-03 02:01:38',9),(37,10032,NULL,'铜鼓民俗展演',NULL,NULL,NULL,NULL,NULL,NULL,NULL,NULL,'2026-03-28 09:52:40','2027-03-28 09:52:40',NULL,NULL,NULL,0,0,NULL,'广西','南宁',NULL,'河池市铜鼓文化广场','ongoing','approved',NULL,0,0,0,0,'2026-03-28 09:52:40','2026-04-03 02:01:38',9),(38,10033,NULL,'杨柳青年画木版印刷',NULL,NULL,NULL,NULL,NULL,NULL,NULL,NULL,'2026-03-28 09:52:40','2027-03-28 09:52:40',NULL,NULL,NULL,0,0,NULL,'天津','天津',NULL,'天津市年画体验馆','ongoing','approved',NULL,0,0,0,0,'2026-03-28 09:52:40','2026-04-03 02:01:38',10),(39,10033,NULL,'泥人张彩塑体验',NULL,NULL,NULL,NULL,NULL,NULL,NULL,NULL,'2026-03-28 09:52:40','2027-03-28 09:52:40',NULL,NULL,NULL,0,0,NULL,'天津','天津',NULL,'天津市彩塑工坊','ongoing','approved',NULL,0,0,0,0,'2026-03-28 09:52:40','2026-04-03 02:01:38',10),(40,10033,NULL,'绒花头饰制作课',NULL,NULL,NULL,NULL,NULL,NULL,NULL,NULL,'2026-03-28 09:52:40','2027-03-28 09:52:40',NULL,NULL,NULL,0,0,NULL,'天津','天津',NULL,'天津市绒花民艺馆','ongoing','approved',NULL,0,0,0,0,'2026-03-28 09:52:40','2026-04-03 02:01:38',10),(41,10034,NULL,'潍坊风筝扎制体验',NULL,NULL,NULL,NULL,NULL,NULL,NULL,NULL,'2026-03-28 09:52:40','2027-03-28 09:52:40',NULL,NULL,NULL,0,0,NULL,'山东','潍坊',NULL,'潍坊世界风筝博物馆','ongoing','approved',NULL,0,0,0,0,'2026-03-28 09:52:40','2026-04-03 02:01:38',11),(42,10034,NULL,'鲁派剪纸窗花工坊',NULL,NULL,NULL,NULL,NULL,NULL,NULL,NULL,'2026-03-28 09:52:40','2027-03-28 09:52:40',NULL,NULL,NULL,0,0,NULL,'山东','潍坊',NULL,'潍坊民艺中心','ongoing','approved',NULL,0,0,0,0,'2026-03-28 09:52:40','2026-04-03 02:01:38',11),(43,10034,NULL,'花灯扎制夜游体验',NULL,NULL,NULL,NULL,NULL,NULL,NULL,NULL,'2026-03-28 09:52:40','2027-03-28 09:52:40',NULL,NULL,NULL,0,0,NULL,'山东','潍坊',NULL,'潍坊市花灯民艺馆','ongoing','approved',NULL,0,0,0,0,'2026-03-28 09:52:40','2026-04-03 02:01:38',11),(44,10034,NULL,'鲁绣针法体验营',NULL,NULL,NULL,NULL,NULL,NULL,NULL,NULL,'2026-03-28 09:52:40','2027-03-28 09:52:40',NULL,NULL,NULL,0,0,NULL,'山东','潍坊',NULL,'济南市鲁绣生活馆','ongoing','approved',NULL,0,0,0,0,'2026-03-28 09:52:40','2026-04-03 02:01:38',11),(45,10035,NULL,'唐三彩器形彩绘课',NULL,NULL,NULL,NULL,NULL,NULL,NULL,NULL,'2026-03-28 09:52:40','2027-03-28 09:52:40',NULL,NULL,NULL,0,0,NULL,'河南','洛阳',NULL,'洛阳市唐艺体验馆','ongoing','approved',NULL,0,0,0,0,'2026-03-28 09:52:40','2026-04-03 02:01:38',12),(46,10036,NULL,'青瓷拉坯烧制课',NULL,NULL,NULL,NULL,NULL,NULL,NULL,NULL,'2026-03-28 09:52:40','2027-03-28 09:52:40',NULL,NULL,NULL,0,0,NULL,'浙江','丽水',NULL,'龙泉青瓷研究社','ongoing','approved',NULL,0,0,0,0,'2026-03-28 09:52:40','2026-04-03 02:01:38',13),(47,10036,NULL,'制扇题字雅集',NULL,NULL,NULL,NULL,NULL,NULL,NULL,NULL,'2026-03-28 09:52:40','2027-03-28 09:52:40',NULL,NULL,NULL,0,0,NULL,'浙江','丽水',NULL,'杭州市西湖制扇馆','ongoing','approved',NULL,0,0,0,0,'2026-03-28 09:52:40','2026-04-03 02:01:38',13),(48,10037,NULL,'广绣纹样针法体验',NULL,NULL,NULL,NULL,NULL,NULL,NULL,NULL,'2026-03-28 09:52:40','2027-03-28 09:52:40',NULL,NULL,NULL,0,0,NULL,'广东','广州',NULL,'广州市岭南绣作馆','ongoing','approved',NULL,0,0,0,0,'2026-03-28 09:52:40','2026-04-03 02:01:38',14),(49,10037,NULL,'潮州木雕刻花课',NULL,NULL,NULL,NULL,NULL,NULL,NULL,NULL,'2026-03-28 09:52:40','2027-03-28 09:52:40',NULL,NULL,NULL,0,0,NULL,'广东','广州',NULL,'潮州市木雕工坊','ongoing','approved',NULL,0,0,0,0,'2026-03-28 09:52:40','2026-04-03 02:01:38',14),(50,10037,NULL,'端砚开砚与制砚体验',NULL,NULL,NULL,NULL,NULL,NULL,NULL,NULL,'2026-03-28 09:52:40','2027-03-28 09:52:40',NULL,NULL,NULL,0,0,NULL,'广东','广州',NULL,'肇庆市端砚文化馆','ongoing','approved',NULL,0,0,0,0,'2026-03-28 09:52:40','2026-04-03 02:01:39',14),(51,10037,NULL,'龙舟民俗展演',NULL,NULL,NULL,NULL,NULL,NULL,NULL,NULL,'2026-03-28 09:52:40','2027-03-28 09:52:40',NULL,NULL,NULL,0,0,NULL,'广东','广州',NULL,'佛山市龙舟文化广场','ongoing','approved',NULL,0,0,0,0,'2026-03-28 09:52:40','2026-04-03 02:01:38',14),(70,10011,NULL,'青瓷制作体验','龙泉青瓷是中国陶瓷工艺的瑰宝，以其\"青如玉、薄如纸、声如磬\"的特点闻名于世。本次活动带领参与者走进青瓷的世界，从拉坯开始，体验从泥土到艺术品的神奇转变。','https://travelate.oss-cn-wuhan-lr.aliyuncs.com/yayfolk/activities/15a9bca9-d9c5-4857-848a-876bbc46e5cb.png','[\"https://travelate.oss-cn-wuhan-lr.aliyuncs.com/yayfolk/activities/15a9bca9-d9c5-4857-848a-876bbc46e5cb.png\"]',NULL,NULL,'活动流程\n0:00-0:30 参观青瓷博物馆，了解龙泉青瓷历史与工艺 0:30-1:00 传承人演示拉坯、利坯、刻花等核心技艺 1:00-2:30 亲手体验拉坯，制作属于自己的青瓷半成品 2:30-3:00 学习青瓷釉色知识，了解上釉原理 \n3:00-3:30 茶歇品鉴，交流心得 \n3:30-4:00 合影留念，活动结束\n\n所需材料\n- 高岭土泥料\n- 拉坯机\n- 釉料（梅子青、粉青等）\n- 工具套装（修坯刀、刻花针等）\n\n注意事项\n- 建议穿着方便活动的衣物\n- 泥土弄脏衣物属正常现象\n- 成品需烧制完成后寄送（约2-3周）\n\n价格参考\n- 材料费：¥88-128/人\n- 含茶歇、工具使用、成品烧制及快递费','offline','陶瓷','2026-03-31 07:35:00','2026-03-31 08:35:00',NULL,NULL,20,1,2,NULL,'浙江','杭州',NULL,'绣绣','ended','approved',NULL,0,0,0,0,'2026-03-31 07:45:52','2026-04-03 02:01:37',1),(71,10011,NULL,'abc','asd','https://travelate.oss-cn-wuhan-lr.aliyuncs.com/yayfolk/activities/3608a08c-cf70-4697-a24c-abf6754e037e.png','[\"https://travelate.oss-cn-wuhan-lr.aliyuncs.com/yayfolk/activities/3608a08c-cf70-4697-a24c-abf6754e037e.png\"]',NULL,NULL,'dgffgccyvgh','offline','年画','2026-03-31 10:07:00','2026-04-01 10:07:00',NULL,NULL,20,1,3,NULL,'xxx','xxx',NULL,'xxxxx','ended','approved',NULL,0,0,0,0,'2026-03-31 10:08:35','2026-04-03 02:01:37',1),(72,10011,NULL,'test','none','https://travelate.oss-cn-wuhan-lr.aliyuncs.com/yayfolk/activities/20114740-4205-4f53-a55e-02b154a6963e.png','[\"https://travelate.oss-cn-wuhan-lr.aliyuncs.com/yayfolk/activities/20114740-4205-4f53-a55e-02b154a6963e.png\"]','https://travelate.oss-cn-wuhan-lr.aliyuncs.com/yayfolk/activities/videos/bfc01393-7c87-4072-925b-10df08ded91f.mp4',NULL,'test','online','其他','2026-03-31 11:33:00','2026-04-01 11:33:00',NULL,NULL,20,0,1,NULL,'xxx','xxx',NULL,'xxxxxx','ended','approved',NULL,0,0,0,0,'2026-03-31 11:36:13','2026-04-03 02:01:37',1),(73,10011,NULL,'test2','nothing','https://travelate.oss-cn-wuhan-lr.aliyuncs.com/yayfolk/activities/078537f7-2877-4b53-ab17-092a77398a1c.png','[\"https://travelate.oss-cn-wuhan-lr.aliyuncs.com/yayfolk/activities/078537f7-2877-4b53-ab17-092a77398a1c.png\"]',NULL,NULL,'亮亮','offline','雕刻','2026-03-31 13:46:00','2026-04-01 13:46:00',NULL,NULL,20,1,1,NULL,'xxx','xxx',NULL,'xxxxxx','ended','approved',NULL,0,0,0,0,'2026-03-31 13:48:24','2026-04-03 02:01:37',1),(74,10011,NULL,'111','11','https://travelate.oss-cn-wuhan-lr.aliyuncs.com/yayfolk/activities/4110ac3c-5843-400f-a0de-ef6af56168c3.jpg','[\"https://travelate.oss-cn-wuhan-lr.aliyuncs.com/yayfolk/activities/4110ac3c-5843-400f-a0de-ef6af56168c3.jpg\"]',NULL,NULL,'111','offline','剪纸','2026-03-03 15:28:00','2026-04-01 15:29:00',NULL,NULL,11,1,1,NULL,'1','1',NULL,'1','ended','approved',NULL,0,0,0,0,'2026-03-31 15:29:36','2026-04-03 02:01:37',1),(75,10011,NULL,'987','987','https://travelate.oss-cn-wuhan-lr.aliyuncs.com/yayfolk/activities/9f79784d-170c-4fa9-8000-3828b2c1fa0a.jpg','[\"https://travelate.oss-cn-wuhan-lr.aliyuncs.com/yayfolk/activities/9f79784d-170c-4fa9-8000-3828b2c1fa0a.jpg\"]',NULL,NULL,'快来参加我们的活动吧！！！','online','工艺','2026-04-03 21:30:00','2026-04-04 20:30:00',NULL,NULL,100,2,2,NULL,'湖南省','岳阳市',NULL,'xxxxxxx','ongoing','approved',NULL,0,0,0,0,'2026-04-03 20:36:07','2026-04-03 22:12:36',1),(76,10011,NULL,'123','456','https://travelate.oss-cn-wuhan-lr.aliyuncs.com/yayfolk/activities/c3183b6e-8249-4f1d-bd08-b303cfda47a2.jpg','[\"https://travelate.oss-cn-wuhan-lr.aliyuncs.com/yayfolk/activities/c3183b6e-8249-4f1d-bd08-b303cfda47a2.jpg\"]',NULL,NULL,'xiqu','offline','其他','2026-04-03 22:15:00','2026-04-04 22:10:00',NULL,NULL,30,2,1,NULL,'xxx','xxx',NULL,'xxxxxx','ongoing','approved',NULL,0,0,0,0,'2026-04-03 22:12:14','2026-04-03 22:16:03',1);
/*!40000 ALTER TABLE `activities` ENABLE KEYS */;
UNLOCK TABLES;
/*!50003 SET @saved_cs_client      = @@character_set_client */ ;
/*!50003 SET @saved_cs_results     = @@character_set_results */ ;
/*!50003 SET @saved_col_connection = @@collation_connection */ ;
/*!50003 SET character_set_client  = utf8mb4 */ ;
/*!50003 SET character_set_results = utf8mb4 */ ;
/*!50003 SET collation_connection  = utf8mb4_0900_ai_ci */ ;
/*!50003 SET @saved_sql_mode       = @@sql_mode */ ;
/*!50003 SET sql_mode              = 'ONLY_FULL_GROUP_BY,STRICT_TRANS_TABLES,NO_ZERO_IN_DATE,NO_ZERO_DATE,ERROR_FOR_DIVISION_BY_ZERO,NO_ENGINE_SUBSTITUTION' */ ;
DELIMITER ;;
/*!50003 CREATE*/ /*!50017 DEFINER=`root`@`localhost`*/ /*!50003 TRIGGER `trg_activities_bi_fill_merchant_profile` BEFORE INSERT ON `activities` FOR EACH ROW BEGIN
    IF NEW.merchant_profile_id IS NULL AND NEW.merchant_id IS NOT NULL THEN
        SET NEW.merchant_profile_id = (
            SELECT mp.id
            FROM merchant_profiles mp
            WHERE mp.user_id = NEW.merchant_id
            LIMIT 1
        );
    ELSEIF NEW.merchant_id IS NULL AND NEW.merchant_profile_id IS NOT NULL THEN
        SET NEW.merchant_id = (
            SELECT mp.user_id
            FROM merchant_profiles mp
            WHERE mp.id = NEW.merchant_profile_id
            LIMIT 1
        );
    END IF;
END */;;
DELIMITER ;
/*!50003 SET sql_mode              = @saved_sql_mode */ ;
/*!50003 SET character_set_client  = @saved_cs_client */ ;
/*!50003 SET character_set_results = @saved_cs_results */ ;
/*!50003 SET collation_connection  = @saved_col_connection */ ;
/*!50003 SET @saved_cs_client      = @@character_set_client */ ;
/*!50003 SET @saved_cs_results     = @@character_set_results */ ;
/*!50003 SET @saved_col_connection = @@collation_connection */ ;
/*!50003 SET character_set_client  = utf8mb4 */ ;
/*!50003 SET character_set_results = utf8mb4 */ ;
/*!50003 SET collation_connection  = utf8mb4_0900_ai_ci */ ;
/*!50003 SET @saved_sql_mode       = @@sql_mode */ ;
/*!50003 SET sql_mode              = 'ONLY_FULL_GROUP_BY,STRICT_TRANS_TABLES,NO_ZERO_IN_DATE,NO_ZERO_DATE,ERROR_FOR_DIVISION_BY_ZERO,NO_ENGINE_SUBSTITUTION' */ ;
DELIMITER ;;
/*!50003 CREATE*/ /*!50017 DEFINER=`root`@`localhost`*/ /*!50003 TRIGGER `trg_activities_bu_fill_merchant_profile` BEFORE UPDATE ON `activities` FOR EACH ROW BEGIN
    IF NEW.merchant_profile_id IS NULL AND NEW.merchant_id IS NOT NULL THEN
        SET NEW.merchant_profile_id = (
            SELECT mp.id
            FROM merchant_profiles mp
            WHERE mp.user_id = NEW.merchant_id
            LIMIT 1
        );
    ELSEIF NEW.merchant_id IS NULL AND NEW.merchant_profile_id IS NOT NULL THEN
        SET NEW.merchant_id = (
            SELECT mp.user_id
            FROM merchant_profiles mp
            WHERE mp.id = NEW.merchant_profile_id
            LIMIT 1
        );
    END IF;
END */;;
DELIMITER ;
/*!50003 SET sql_mode              = @saved_sql_mode */ ;
/*!50003 SET character_set_client  = @saved_cs_client */ ;
/*!50003 SET character_set_results = @saved_cs_results */ ;
/*!50003 SET collation_connection  = @saved_col_connection */ ;

--
-- Dumping data for table `activity_bookings`
--

LOCK TABLES `activity_bookings` WRITE;
/*!40000 ALTER TABLE `activity_bookings` DISABLE KEYS */;
/*!40000 ALTER TABLE `activity_bookings` ENABLE KEYS */;
UNLOCK TABLES;

--
-- Dumping data for table `activity_reserve_participants`
--

LOCK TABLES `activity_reserve_participants` WRITE;
/*!40000 ALTER TABLE `activity_reserve_participants` DISABLE KEYS */;
INSERT INTO `activity_reserve_participants` VALUES (1,15,'y0','15171483964','2026-04-03 22:13:08','2026-04-03 22:13:08'),(2,15,'yy1','13986074011','2026-04-03 22:13:08','2026-04-03 22:13:08');
/*!40000 ALTER TABLE `activity_reserve_participants` ENABLE KEYS */;
UNLOCK TABLES;

--
-- Dumping data for table `activity_reserves`
--

LOCK TABLES `activity_reserves` WRITE;
/*!40000 ALTER TABLE `activity_reserves` DISABLE KEYS */;
INSERT INTO `activity_reserves` VALUES (1,'AR1774914517238325',10000,10011,70,'青瓷制作体验','2026-04-01 07:35 - 2026-04-01 12:35','y0','15171483964',1,2,2,1,'checked_in',NULL,'simulated','2026-03-31 07:49:44',NULL,'2026-03-31 08:07:19','2026-03-31 07:48:37','2026-03-31 08:07:20'),(2,'AR1774923010365286',10000,10011,71,'abc','2026-03-31 10:07 - 2026-04-01 10:07','y0','15171483964',1,3,3,1,'checked_in',NULL,'simulated','2026-03-31 10:10:19',NULL,'2026-03-31 10:11:44','2026-03-31 10:10:10','2026-03-31 10:11:44'),(3,'AR1774925162618809',10000,10025,4,'京剧脸谱沉浸体验','2026-03-28 09:52 - 2027-03-28 09:52','y0','15171483964',1,0,0,1,'registered',NULL,'free','2026-03-31 10:46:03',NULL,NULL,'2026-03-31 10:46:03','2026-03-31 10:46:03'),(4,'AR1774928280567205',10000,10011,72,'test','2026-03-31 11:33 - 2026-04-01 11:33','y0','15171483964',1,1,1,0,'cancelled','不要举报我','alipay',NULL,'2026-03-31 13:49:20',NULL,'2026-03-31 11:38:01','2026-03-31 13:49:20'),(5,'AR1774936249951310',10000,10011,73,'test2','2026-03-31 13:46 - 2026-04-01 13:46','y0','15171483964',1,1,1,0,'cancelled',NULL,'alipay',NULL,'2026-03-31 14:32:01',NULL,'2026-03-31 13:50:50','2026-03-31 14:32:01'),(6,'AR1774936537789985',10000,10011,72,'test','2026-03-31 11:33 - 2026-04-01 11:33','y0','15171483964',1,1,1,0,'cancelled',NULL,'alipay',NULL,'2026-03-31 14:05:44',NULL,'2026-03-31 13:55:38','2026-03-31 14:05:44'),(7,'AR1774937166269977',10000,10011,72,'test','2026-03-31 11:33 - 2026-04-01 11:33','y0','15171483964',1,1,1,0,'cancelled',NULL,'alipay',NULL,'2026-03-31 14:09:31',NULL,'2026-03-31 14:06:06','2026-03-31 14:09:31'),(8,'AR1774937778918604',10000,10011,72,'test','2026-03-31 11:33 - 2026-04-01 11:33','y0','15171483964',1,1,1,0,'cancelled',NULL,'alipay',NULL,'2026-03-31 14:31:33',NULL,'2026-03-31 14:16:19','2026-03-31 14:31:33'),(9,'AR1774938744899922',10000,10011,73,'test2','2026-03-31 13:46 - 2026-04-01 13:46','y0','15171483964',1,1,1,2,'registered',NULL,'alipay','2026-03-31 14:33:04',NULL,NULL,'2026-03-31 14:32:25','2026-03-31 14:34:54'),(10,'AR1774938996348186',10000,10011,72,'test','2026-03-31 11:33 - 2026-04-01 11:33','y0','15171483964',1,1,1,2,'cancelled',NULL,'alipay','2026-03-31 14:36:50','2026-03-31 14:37:32',NULL,'2026-03-31 14:36:36','2026-03-31 14:37:32'),(11,'AR1774942077138209',10000,10025,5,'景泰蓝掐丝点蓝工坊','2026-03-28 09:52 - 2027-03-28 09:52','y0','15171483964',1,0,0,1,'registered',NULL,'free','2026-03-31 15:27:57',NULL,NULL,'2026-03-31 15:27:57','2026-03-31 15:27:57'),(12,'AR1774942222259743',10000,10011,74,'111','2026-03-03 15:28 - 2026-04-01 15:29','y0','15171483964',1,1,1,1,'checked_in',NULL,'alipay','2026-03-31 15:30:57',NULL,'2026-03-31 15:32:13','2026-03-31 15:30:22','2026-03-31 15:32:13'),(13,'AR1775220713123767',10000,10011,75,'987','2026-04-03 21:30 - 2026-04-04 20:30','y0','15171483964',2,4,4,0,'cancelled',NULL,'alipay',NULL,'2026-04-03 20:55:17',NULL,'2026-04-03 20:51:53','2026-04-03 20:55:17'),(14,'AR1775220962392814',10000,10011,75,'987','2026-04-03 21:30 - 2026-04-04 20:30','y0','15171483964',2,4,4,1,'checked_in',NULL,'alipay','2026-04-03 20:56:45',NULL,'2026-04-03 21:33:10','2026-04-03 20:56:02','2026-04-03 21:33:10'),(15,'AR1775225588100103',10000,10011,76,'123','2026-04-03 22:15 - 2026-04-04 22:10','y0','15171483964',2,2,2,1,'registered',NULL,'alipay','2026-04-03 22:13:26',NULL,NULL,'2026-04-03 22:13:08','2026-04-03 22:14:39');
/*!40000 ALTER TABLE `activity_reserves` ENABLE KEYS */;
UNLOCK TABLES;

--
-- Dumping data for table `attraction_images`
--

LOCK TABLES `attraction_images` WRITE;
/*!40000 ALTER TABLE `attraction_images` DISABLE KEYS */;
INSERT INTO `attraction_images` VALUES (1,7,'https://travelate.oss-cn-wuhan-lr.aliyuncs.com/attractions/images/7/3d617a56-8836-4262-b932-2a01e73e4cb6.jpg',1,'2026-03-17 06:05:31'),(2,7,'https://travelate.oss-cn-wuhan-lr.aliyuncs.com/attractions/images/7/11074744-1028-4544-b1fd-04a0e1d50e3d.jpg',2,'2026-03-17 06:05:31'),(3,7,'https://travelate.oss-cn-wuhan-lr.aliyuncs.com/attractions/images/7/2fe7f473-5a41-44f9-b6c7-9a9343137f75.jpg',3,'2026-03-17 06:05:31'),(4,7,'https://travelate.oss-cn-wuhan-lr.aliyuncs.com/attractions/images/7/01162e06-0efc-4303-9a1f-4b864fb9db15.jpg',4,'2026-03-17 06:05:31'),(5,7,'https://travelate.oss-cn-wuhan-lr.aliyuncs.com/attractions/images/7/e7570418-935f-4f66-8287-49a83dccb953.jpg',5,'2026-03-17 06:05:33'),(6,5,'https://travelate.oss-cn-wuhan-lr.aliyuncs.com/attractions/images/5/272295d6-d7ed-4a73-83c4-fd8684c5f099.jpg',1,'2026-03-17 06:56:41'),(7,5,'https://travelate.oss-cn-wuhan-lr.aliyuncs.com/attractions/images/5/7ca9e029-4e9a-4237-90f1-ef3e5fca0d32.jpg',1,'2026-03-17 07:09:05'),(8,5,'https://travelate.oss-cn-wuhan-lr.aliyuncs.com/attractions/images/5/b170813a-19c0-448f-99eb-3f2864b19317.jpg',3,'2026-03-17 07:09:41'),(9,5,'https://travelate.oss-cn-wuhan-lr.aliyuncs.com/attractions/images/5/303a42b1-ab4c-437e-80e7-814eead70fcc.jpg',4,'2026-03-17 07:09:41'),(10,5,'https://travelate.oss-cn-wuhan-lr.aliyuncs.com/attractions/images/5/9a4aa269-4db2-424a-84d4-57febb9b7267.jpg',5,'2026-03-17 07:09:41'),(11,6,'https://travelate.oss-cn-wuhan-lr.aliyuncs.com/attractions/images/6/6ce679fc-8cdc-4361-bb56-e1fc5f1fb10d.jpg',1,'2026-03-17 07:09:58'),(12,6,'https://travelate.oss-cn-wuhan-lr.aliyuncs.com/attractions/images/6/3ae9f5df-df60-4506-b021-ba150ceacf97.jpg',2,'2026-03-17 07:09:58'),(13,6,'https://travelate.oss-cn-wuhan-lr.aliyuncs.com/attractions/images/6/2956219d-116f-4799-94a5-6ea8d4a7df65.jpg',3,'2026-03-17 07:09:58'),(14,6,'https://travelate.oss-cn-wuhan-lr.aliyuncs.com/attractions/images/6/bd49c146-0cef-4d03-a541-920f6862124f.jpg',4,'2026-03-17 07:09:58'),(15,6,'https://travelate.oss-cn-wuhan-lr.aliyuncs.com/attractions/images/6/d9f002fc-3fe8-4fa6-9381-b88460b685a9.jpg',5,'2026-03-17 07:09:58'),(16,13,'https://travelate.oss-cn-wuhan-lr.aliyuncs.com/attractions/images/13/2336b14f-5262-45b1-b8fc-e0171eaf3faf.jpg',1,'2026-03-17 07:10:31'),(17,13,'https://travelate.oss-cn-wuhan-lr.aliyuncs.com/attractions/images/13/bcc91cc4-92c6-4280-9991-d74a5e84311b.jpg',2,'2026-03-17 07:10:31'),(18,13,'https://travelate.oss-cn-wuhan-lr.aliyuncs.com/attractions/images/13/b18d659e-f3eb-41ed-b566-a878f729956e.jpg',3,'2026-03-17 07:10:31'),(19,13,'https://travelate.oss-cn-wuhan-lr.aliyuncs.com/attractions/images/13/a0e598a9-9f02-47b5-9fee-f2a7643bdb65.jpg',4,'2026-03-17 07:10:31'),(20,13,'https://travelate.oss-cn-wuhan-lr.aliyuncs.com/attractions/images/13/9c26bb93-997e-48a8-b0b2-ee0faebd3fe5.jpg',5,'2026-03-17 07:10:31'),(21,13,'https://travelate.oss-cn-wuhan-lr.aliyuncs.com/attractions/images/13/a0cb9de8-ea42-44f2-a709-51f7e94afff2.jpg',6,'2026-03-17 07:10:31'),(22,10,'https://travelate.oss-cn-wuhan-lr.aliyuncs.com/attractions/images/10/3b2f6b5d-4c82-44e2-b874-e661bc3cffb1.jpg',1,'2026-03-17 07:11:21'),(23,10,'https://travelate.oss-cn-wuhan-lr.aliyuncs.com/attractions/images/10/f12d5000-d090-4a32-966d-4cb5a3404747.jpg',2,'2026-03-17 07:11:21'),(24,10,'https://travelate.oss-cn-wuhan-lr.aliyuncs.com/attractions/images/10/7fa64dcb-6550-4b08-801d-23fafe2c90ba.jpg',3,'2026-03-17 07:11:21'),(25,10,'https://travelate.oss-cn-wuhan-lr.aliyuncs.com/attractions/images/10/2a0874cb-37d4-4480-ac4d-442d57603122.jpg',4,'2026-03-17 07:11:21'),(26,15,'https://travelate.oss-cn-wuhan-lr.aliyuncs.com/attractions/images/15/c89cb923-6254-4940-80e3-1bbd3e56556a.jpg',1,'2026-03-17 07:11:21'),(27,15,'https://travelate.oss-cn-wuhan-lr.aliyuncs.com/attractions/images/15/08f1e23e-0904-49cf-ba8f-a9395d4b8a21.jpg',2,'2026-03-17 07:11:21'),(28,15,'https://travelate.oss-cn-wuhan-lr.aliyuncs.com/attractions/images/15/f8f903d9-2c83-4be0-afe7-e19b48382714.jpg',3,'2026-03-17 07:11:21'),(29,15,'https://travelate.oss-cn-wuhan-lr.aliyuncs.com/attractions/images/15/064b7f3b-fa15-4498-b78d-80186f7b3b85.jpg',4,'2026-03-17 07:11:21'),(30,15,'https://travelate.oss-cn-wuhan-lr.aliyuncs.com/attractions/images/15/4c6ebb1a-4bd5-4d26-9cf7-261b602c311a.jpg',5,'2026-03-17 07:11:21'),(31,8,'https://travelate.oss-cn-wuhan-lr.aliyuncs.com/attractions/images/8/4e88ec9f-89fe-4789-a076-13e105df1012.jpg',1,'2026-03-17 07:11:21'),(32,8,'https://travelate.oss-cn-wuhan-lr.aliyuncs.com/attractions/images/8/5ad6ca14-a014-4d31-ab0a-bd0b8507f045.jpg',2,'2026-03-17 07:11:21'),(33,8,'https://travelate.oss-cn-wuhan-lr.aliyuncs.com/attractions/images/8/f3db8bfb-91f6-4455-9e77-72a7249c3cf9.jpg',3,'2026-03-17 07:11:21'),(34,8,'https://travelate.oss-cn-wuhan-lr.aliyuncs.com/attractions/images/8/46b047cc-e34a-443f-a0b6-be07ec94e595.jpg',4,'2026-03-17 07:11:21'),(35,8,'https://travelate.oss-cn-wuhan-lr.aliyuncs.com/attractions/images/8/1e5f2e22-08f5-4906-a7b0-7b102c59b590.jpg',5,'2026-03-17 07:11:21'),(36,4,'https://travelate.oss-cn-wuhan-lr.aliyuncs.com/attractions/images/4/4d540f31-7654-4f0b-811c-d83d8ded37c7.jpg',1,'2026-03-17 07:11:21'),(37,4,'https://travelate.oss-cn-wuhan-lr.aliyuncs.com/attractions/images/4/993e8d92-45da-4d64-8cad-746ae6b17322.jpg',2,'2026-03-17 07:11:21'),(38,4,'https://travelate.oss-cn-wuhan-lr.aliyuncs.com/attractions/images/4/699cae92-daf4-4097-864f-d94837ef7f8f.jpg',3,'2026-03-17 07:11:21'),(39,4,'https://travelate.oss-cn-wuhan-lr.aliyuncs.com/attractions/images/4/85a7aa6e-0b44-40bf-8ecb-989a254fceb5.jpg',4,'2026-03-17 07:11:21'),(40,4,'https://travelate.oss-cn-wuhan-lr.aliyuncs.com/attractions/images/4/a241c175-e4f3-4afa-95a6-a8ec802060a6.jpg',5,'2026-03-17 07:11:21'),(41,12,'https://travelate.oss-cn-wuhan-lr.aliyuncs.com/attractions/images/12/a52b87fb-816b-4f16-a012-67e49cc1df35.jpg',1,'2026-03-17 07:11:21'),(42,12,'https://travelate.oss-cn-wuhan-lr.aliyuncs.com/attractions/images/12/7053a69e-0a27-4e8e-b814-ecd7384538fa.jpg',2,'2026-03-17 07:11:21'),(43,12,'https://travelate.oss-cn-wuhan-lr.aliyuncs.com/attractions/images/12/89b43e33-db1c-405c-aef4-e4605a69c383.jpg',3,'2026-03-17 07:11:21'),(44,12,'https://travelate.oss-cn-wuhan-lr.aliyuncs.com/attractions/images/12/8044fa04-d611-4fa2-bcf5-936656991079.jpg',4,'2026-03-17 07:11:21'),(45,12,'https://travelate.oss-cn-wuhan-lr.aliyuncs.com/attractions/images/12/d805e758-c53d-4cce-9151-9057b50c3f49.jpg',5,'2026-03-17 07:11:21'),(46,12,'https://travelate.oss-cn-wuhan-lr.aliyuncs.com/attractions/images/12/8ced3f37-c8ad-4b3d-a046-0e4b8b9bb18d.jpg',6,'2026-03-17 07:11:21'),(47,9,'https://travelate.oss-cn-wuhan-lr.aliyuncs.com/attractions/images/9/3075678a-0e32-4ad9-a416-ab90c98730fa.jpg',1,'2026-03-17 07:11:21'),(48,9,'https://travelate.oss-cn-wuhan-lr.aliyuncs.com/attractions/images/9/a1b9e489-18e8-45d3-b383-2c69a1a5767e.jpg',2,'2026-03-17 07:11:21'),(49,9,'https://travelate.oss-cn-wuhan-lr.aliyuncs.com/attractions/images/9/d84c8b62-0348-482f-b95b-becfd904f3ae.jpg',3,'2026-03-17 07:11:22'),(50,9,'https://travelate.oss-cn-wuhan-lr.aliyuncs.com/attractions/images/9/4008641a-b801-4429-9dc5-c0a317bc0d2c.jpg',4,'2026-03-17 07:11:22'),(51,9,'https://travelate.oss-cn-wuhan-lr.aliyuncs.com/attractions/images/9/da81b1e4-bcf9-416d-bcbe-0becc8e4c1d0.jpg',5,'2026-03-17 07:11:22'),(52,14,'https://travelate.oss-cn-wuhan-lr.aliyuncs.com/attractions/images/14/ed2f620e-9847-4177-bbf7-0195c5f7c20c.jpg',1,'2026-03-17 07:11:22'),(53,14,'https://travelate.oss-cn-wuhan-lr.aliyuncs.com/attractions/images/14/5f1b0b21-0d7d-4202-a108-c804d1b12f91.jpg',2,'2026-03-17 07:11:22'),(54,14,'https://travelate.oss-cn-wuhan-lr.aliyuncs.com/attractions/images/14/e4d49c46-b923-43fb-85f3-65295ad40591.jpg',3,'2026-03-17 07:11:22'),(55,14,'https://travelate.oss-cn-wuhan-lr.aliyuncs.com/attractions/images/14/976b3f13-aa51-4609-b64c-4a71250c0f73.jpg',4,'2026-03-17 07:11:22'),(56,14,'https://travelate.oss-cn-wuhan-lr.aliyuncs.com/attractions/images/14/5a6d5bc9-ee91-4aac-b1e5-bfddfe73d5b5.jpg',5,'2026-03-17 07:11:22'),(57,14,'https://travelate.oss-cn-wuhan-lr.aliyuncs.com/attractions/images/14/cf4ecd1c-23db-459d-a4b2-502060b154d2.jpg',6,'2026-03-17 07:11:22');
/*!40000 ALTER TABLE `attraction_images` ENABLE KEYS */;
UNLOCK TABLES;

--
-- Dumping data for table `attractions`
--

LOCK TABLES `attractions` WRITE;
/*!40000 ALTER TABLE `attractions` DISABLE KEYS */;
/*!40000 ALTER TABLE `attractions` ENABLE KEYS */;
UNLOCK TABLES;

--
-- Dumping data for table `backup_merchant_applications_20260328`
--

LOCK TABLES `backup_merchant_applications_20260328` WRITE;
/*!40000 ALTER TABLE `backup_merchant_applications_20260328` DISABLE KEYS */;
INSERT INTO `backup_merchant_applications_20260328` VALUES (1,10011,'秦秀娟','1234567890','13986074011','刺绣','美秀绣',NULL,'隽绣','江苏省刺市绣县',NULL,NULL,NULL,'approved',10024,'2026-03-26 21:52:56','审批通过','2026-03-26 21:27:21','2026-03-26 21:52:56');
/*!40000 ALTER TABLE `backup_merchant_applications_20260328` ENABLE KEYS */;
UNLOCK TABLES;

--
-- Dumping data for table `backup_users_merchant_fields_20260328`
--

LOCK TABLES `backup_users_merchant_fields_20260328` WRITE;
/*!40000 ALTER TABLE `backup_users_merchant_fields_20260328` DISABLE KEYS */;
INSERT INTO `backup_users_merchant_fields_20260328` VALUES (10000,'15171483964','15171483964',NULL,'user','none','','','','2026-03-10 02:52:02','2026-03-27 19:11:31'),(10007,'yenOmld',NULL,'2971549832@qq.com','user','none',NULL,NULL,NULL,'2026-03-10 12:11:21','2026-03-11 08:42:07'),(10011,'qinjiayi_1106@qq.com',NULL,'qinjiayi_1106@qq.com','merchant','approved','隽绣','','','2026-03-13 01:57:15','2026-03-27 19:11:31'),(10020,'2894717528@qq.com',NULL,'2894717528@qq.com','user','none',NULL,NULL,NULL,'2026-03-21 03:16:08','2026-03-21 09:48:17'),(10023,'qianrui2006@qq.com',NULL,'qianrui2006@qq.com','user','none',NULL,NULL,NULL,'2026-03-22 07:19:34','2026-03-22 07:19:36'),(10024,'admin',NULL,'admin@yayfolk.com','admin','none',NULL,NULL,'平台管理员账号','2026-03-26 18:00:00','2026-03-27 18:57:33'),(10025,'merchant_1','13800000001',NULL,'merchant','active','京华非遗工坊',NULL,'聚焦京味非遗体验与讲解','2026-03-28 09:52:05',NULL),(10026,'merchant_2','13800000002',NULL,'merchant','active','苏作匠心馆',NULL,'以江南手工艺体验为主','2026-03-28 09:52:05',NULL),(10027,'merchant_3','13800000003',NULL,'merchant','active','金陵雅集馆',NULL,'结合传统工艺和节庆活动','2026-03-28 09:52:05',NULL),(10028,'merchant_4','13800000004',NULL,'merchant','active','徽州四宝社',NULL,'文房四宝主题体验空间','2026-03-28 09:52:05',NULL),(10029,'merchant_5','13800000005',NULL,'merchant','active','蜀风非遗坊',NULL,'四川传统技艺和戏曲体验','2026-03-28 09:52:05',NULL),(10030,'merchant_6','13800000006',NULL,'merchant','active','长安艺脉馆',NULL,'唐风美术主题路线运营','2026-03-28 09:52:05',NULL),(10031,'merchant_7','13800000007',NULL,'merchant','active','苗岭锦绣社',NULL,'少数民族非遗深度体验','2026-03-28 09:52:05',NULL),(10032,'merchant_8','13800000008',NULL,'merchant','active','壮乡锦艺阁',NULL,'壮族织锦与铜鼓民俗体验','2026-03-28 09:52:05',NULL),(10033,'merchant_9','13800000009',NULL,'merchant','active','津门年艺馆',NULL,'天津春节美术类非遗体验','2026-03-28 09:52:05',NULL),(10034,'merchant_10','13800000010',NULL,'merchant','active','齐鲁巧艺坊',NULL,'鲁派手工艺和节令体验','2026-03-28 09:52:05',NULL),(10035,'merchant_11','13800000011',NULL,'merchant','active','中原唐艺馆',NULL,'唐风陶艺和古都体验','2026-03-28 09:52:05',NULL),(10036,'merchant_12','13800000012',NULL,'merchant','active','越地青瓷社',NULL,'宋韵器物与生活美学','2026-03-28 09:52:05',NULL),(10037,'merchant_13','13800000013',NULL,'merchant','active','岭南绣作馆',NULL,'岭南传统手工艺体验','2026-03-28 09:52:05',NULL);
/*!40000 ALTER TABLE `backup_users_merchant_fields_20260328` ENABLE KEYS */;
UNLOCK TABLES;

--
-- Dumping data for table `conversations`
--

LOCK TABLES `conversations` WRITE;
/*!40000 ALTER TABLE `conversations` DISABLE KEYS */;
INSERT INTO `conversations` VALUES (4,'chat',10000,10011,'你好','2026-03-21 00:16:23',0,0,'2026-03-19 20:03:18','2026-03-21 01:57:42'),(5,'chat',10020,10011,'在吗','2026-03-21 03:28:54',0,0,'2026-03-21 03:28:08','2026-03-21 03:40:55'),(6,'chat',10000,10020,NULL,NULL,0,0,'2026-03-27 09:48:42','2026-03-27 09:48:42'),(7,'service',10024,10047,'你好，我是客服小简','2026-03-29 09:52:28',1,0,'2026-03-29 03:31:57','2026-03-29 09:52:28'),(8,'service',10000,10047,'对还差一点','2026-03-29 12:24:52',0,0,'2026-03-29 03:50:43','2026-03-29 12:26:32'),(9,'service',10011,10047,'我有问题','2026-04-03 00:09:56',0,0,'2026-03-29 09:53:47','2026-04-03 14:47:52'),(10,'chat',10047,10000,NULL,NULL,0,0,'2026-03-30 22:12:41','2026-03-30 22:12:41');
/*!40000 ALTER TABLE `conversations` ENABLE KEYS */;
UNLOCK TABLES;

--
-- Dumping data for table `intangible_cultural_heritage`
--

LOCK TABLES `intangible_cultural_heritage` WRITE;
/*!40000 ALTER TABLE `intangible_cultural_heritage` DISABLE KEYS */;
INSERT INTO `intangible_cultural_heritage` VALUES (113,'京剧','传统戏曲',NULL,'清代','北京','national','适合沉浸式感受京味戏曲表演与脸谱文化。',NULL,NULL,NULL,NULL,NULL,NULL,NULL,NULL,NULL,0,0,'2026-03-28 09:48:21','2026-03-28 09:48:21'),(114,'景泰蓝制作技艺','传统手工艺',NULL,'清代','北京','national','适合体验掐丝点蓝的宫廷器物制作。',NULL,NULL,NULL,NULL,NULL,NULL,NULL,NULL,NULL,0,0,'2026-03-28 09:48:21','2026-03-28 09:48:21'),(115,'北京面塑','传统手工艺',NULL,'清代','北京','national','适合亲手制作节庆面塑与民俗造型。',NULL,NULL,NULL,NULL,NULL,NULL,NULL,NULL,NULL,0,0,'2026-03-28 09:48:21','2026-03-28 09:48:21'),(116,'宫灯制作技艺','传统手工艺',NULL,'明代','北京','national','适合节庆夜游场景与灯彩手作体验。',NULL,NULL,NULL,NULL,NULL,NULL,NULL,NULL,NULL,0,0,'2026-03-28 09:48:21','2026-03-28 09:48:21'),(117,'风筝制作技艺','传统手工艺',NULL,'清代','北京','national','适合春日户外体验和传统彩绘工艺。',NULL,NULL,NULL,NULL,NULL,NULL,NULL,NULL,NULL,0,0,'2026-03-28 09:48:21','2026-03-28 09:48:21'),(118,'苏绣','传统手工艺',NULL,'宋代','江苏','national','适合感受宋韵针法与江南审美。',NULL,NULL,NULL,NULL,NULL,NULL,NULL,NULL,NULL,0,0,'2026-03-28 09:48:21','2026-03-28 09:48:21'),(119,'南戏昆山腔','传统戏曲',NULL,'宋代','江苏','national','适合体验宋韵戏曲声腔与舞台身段。',NULL,NULL,NULL,NULL,NULL,NULL,NULL,NULL,NULL,0,0,'2026-03-28 09:48:21','2026-03-28 09:48:21'),(120,'南京云锦','传统手工艺',NULL,'宋代','江苏','national','适合了解古代织造工艺与纹样设计。',NULL,NULL,NULL,NULL,NULL,NULL,NULL,NULL,NULL,0,0,'2026-03-28 09:48:21','2026-03-28 09:48:21'),(121,'桃花坞木版年画','传统美术',NULL,'明代','江苏','national','适合春节主题路线和木版印制体验。',NULL,NULL,NULL,NULL,NULL,NULL,NULL,NULL,NULL,0,0,'2026-03-28 09:48:21','2026-03-28 09:48:21'),(122,'秦淮灯彩','传统美术',NULL,'宋代','江苏','national','适合节庆夜游和灯彩制作路线。',NULL,NULL,NULL,NULL,NULL,NULL,NULL,NULL,NULL,0,0,'2026-03-28 09:48:21','2026-03-28 09:48:21'),(123,'宣纸制作技艺','传统手工艺',NULL,'唐代','安徽','national','适合深度体验文房四宝的材料工艺。',NULL,NULL,NULL,NULL,NULL,NULL,NULL,NULL,NULL,0,0,'2026-03-28 09:48:21','2026-03-28 09:48:21'),(124,'歙砚制作技艺','传统手工艺',NULL,'宋代','安徽','national','适合体验砚石选材与雕刻工艺。',NULL,NULL,NULL,NULL,NULL,NULL,NULL,NULL,NULL,0,0,'2026-03-28 09:48:21','2026-03-28 09:48:21'),(125,'徽墨制作技艺','传统手工艺',NULL,'宋代','安徽','national','适合串联笔墨纸砚主题路线。',NULL,NULL,NULL,NULL,NULL,NULL,NULL,NULL,NULL,0,0,'2026-03-28 09:48:21','2026-03-28 09:48:21'),(126,'糖画','传统手工艺',NULL,'清代','四川','national','适合亲子与节庆街区体验。',NULL,NULL,NULL,NULL,NULL,NULL,NULL,NULL,NULL,0,0,'2026-03-28 09:48:21','2026-03-28 09:48:21'),(127,'川剧变脸','传统戏曲',NULL,'清代','四川','national','适合夜间剧场和互动表演路线。',NULL,NULL,NULL,NULL,NULL,NULL,NULL,NULL,NULL,0,0,'2026-03-28 09:48:21','2026-03-28 09:48:21'),(128,'蜀绣','传统手工艺',NULL,'宋代','四川','national','适合体验细腻针法与色彩层次。',NULL,NULL,NULL,NULL,NULL,NULL,NULL,NULL,NULL,0,0,'2026-03-28 09:48:21','2026-03-28 09:48:21'),(129,'青神竹编','传统手工艺',NULL,'唐代','四川','national','适合安排手作课程与山水线路结合。',NULL,NULL,NULL,NULL,NULL,NULL,NULL,NULL,NULL,0,0,'2026-03-28 09:48:21','2026-03-28 09:48:21'),(130,'唐墓壁画临摹技艺','传统美术',NULL,'唐代','陕西','national','适合沉浸体验盛唐壁画线描与设色。',NULL,NULL,NULL,NULL,NULL,NULL,NULL,NULL,NULL,0,0,'2026-03-28 09:48:21','2026-03-28 09:48:21'),(131,'碑刻传拓技艺','传统美术',NULL,'唐代','陕西','national','适合文博型游客体验传拓与碑刻艺术。',NULL,NULL,NULL,NULL,NULL,NULL,NULL,NULL,NULL,0,0,'2026-03-28 09:48:21','2026-03-28 09:48:21'),(132,'长安宫灯彩绘','传统美术',NULL,'唐代','陕西','national','适合节庆主题路线和唐风灯彩体验。',NULL,NULL,NULL,NULL,NULL,NULL,NULL,NULL,NULL,0,0,'2026-03-28 09:48:21','2026-03-28 09:48:21'),(133,'苗绣','传统手工艺',NULL,'清代','贵州','national','适合少数民族主题深度路线。',NULL,NULL,NULL,NULL,NULL,NULL,NULL,NULL,NULL,0,0,'2026-03-28 09:48:21','2026-03-28 09:48:21'),(134,'苗族银饰锻制技艺','传统手工艺',NULL,'清代','贵州','national','适合与节庆服饰文化一起体验。',NULL,NULL,NULL,NULL,NULL,NULL,NULL,NULL,NULL,0,0,'2026-03-28 09:48:21','2026-03-28 09:48:21'),(135,'壮锦织造技艺','传统手工艺',NULL,'清代','广西','national','适合壮乡主题路线和织机体验。',NULL,NULL,NULL,NULL,NULL,NULL,NULL,NULL,NULL,0,0,'2026-03-28 09:48:21','2026-03-28 09:48:21'),(136,'铜鼓习俗','传统民俗',NULL,'清代','广西','national','适合民俗节庆和少数民族主题串联。',NULL,NULL,NULL,NULL,NULL,NULL,NULL,NULL,NULL,0,0,'2026-03-28 09:48:21','2026-03-28 09:48:21'),(137,'杨柳青年画','传统美术',NULL,'清代','天津','national','适合春节主题路线和民艺版画体验。',NULL,NULL,NULL,NULL,NULL,NULL,NULL,NULL,NULL,0,0,'2026-03-28 09:48:21','2026-03-28 09:48:21'),(138,'泥人张彩塑','传统美术',NULL,'清代','天津','national','适合春节场景和彩塑手作。',NULL,NULL,NULL,NULL,NULL,NULL,NULL,NULL,NULL,0,0,'2026-03-28 09:48:21','2026-03-28 09:48:21'),(139,'潍坊风筝','传统手工艺',NULL,'宋代','山东','national','适合清明踏青路线和风筝扎制体验。',NULL,NULL,NULL,NULL,NULL,NULL,NULL,NULL,NULL,0,0,'2026-03-28 09:48:21','2026-03-28 09:48:21'),(140,'山东剪纸','传统手工艺',NULL,'清代','山东','national','适合节庆装饰与手工体验。',NULL,NULL,NULL,NULL,NULL,NULL,NULL,NULL,NULL,0,0,'2026-03-28 09:48:21','2026-03-28 09:48:21'),(141,'唐三彩','传统手工艺',NULL,'唐代','河南','national','适合古都审美与陶艺体验。',NULL,NULL,NULL,NULL,NULL,NULL,NULL,NULL,NULL,0,0,'2026-03-28 09:48:21','2026-03-28 09:48:21'),(142,'龙泉青瓷烧制技艺','传统手工艺',NULL,'宋代','浙江','national','适合器物审美和青瓷烧制体验。',NULL,NULL,NULL,NULL,NULL,NULL,NULL,NULL,NULL,0,0,'2026-03-28 09:48:21','2026-03-28 09:48:21'),(143,'王星记制扇技艺','传统手工艺',NULL,'明代','浙江','national','适合文人器物主题路线。',NULL,NULL,NULL,NULL,NULL,NULL,NULL,NULL,NULL,0,0,'2026-03-28 09:48:21','2026-03-28 09:48:21'),(144,'广绣','传统手工艺',NULL,'清代','广东','national','适合岭南题材刺绣与商都漫游。',NULL,NULL,NULL,NULL,NULL,NULL,NULL,NULL,NULL,0,0,'2026-03-28 09:48:21','2026-03-28 09:48:21'),(145,'潮州木雕','传统手工艺',NULL,'明代','广东','national','适合工艺细作和古城漫游结合。',NULL,NULL,NULL,NULL,NULL,NULL,NULL,NULL,NULL,0,0,'2026-03-28 09:48:21','2026-03-28 09:48:21'),(146,'端砚制作技艺','传统手工艺',NULL,'宋代','广东','national','适合文房四宝主题深度体验。',NULL,NULL,NULL,NULL,NULL,NULL,NULL,NULL,NULL,0,0,'2026-03-28 09:48:21','2026-03-28 09:48:21'),(147,'宋锦织造技艺','传统手工艺',NULL,'宋代','江苏','national','适合宋代织造美学路线。',NULL,NULL,NULL,NULL,NULL,NULL,NULL,NULL,NULL,0,0,'2026-03-28 09:48:21','2026-03-28 09:48:21'),(148,'京绣','传统手工艺',NULL,'清代','北京','national','适合春节场景下体验京派刺绣纹样。',NULL,NULL,NULL,NULL,NULL,NULL,NULL,NULL,NULL,0,0,'2026-03-28 09:48:21','2026-03-28 09:48:21'),(149,'兔儿爷彩塑','传统手工艺',NULL,'清代','北京','national','适合老北京节庆民艺路线。',NULL,NULL,NULL,NULL,NULL,NULL,NULL,NULL,NULL,0,0,'2026-03-28 09:48:21','2026-03-28 09:48:21'),(150,'京作剪纸','传统手工艺','剪纸艺术','唐代起源，明清鼎盛','北京市','municipal','京作剪纸，又称京派剪纸，是剪纸艺术中极具地域辨识度的流派，扎根北京这片兼具皇家气度与市井烟火的土地，历经千年沉淀，融合宫廷雅致与民间质朴，形成了独有的艺术风骨。它是流淌在老北京胡同里、镌刻在百姓生活中的文化基因。','京作剪纸起源于唐代，盛于明清时期，距今已有千年历史。明朝永乐年间，宫廷剪纸艺术家已达数百人，为宫廷庆典、祭祀活动提供剪纸装饰。清代，《红楼梦》中描述的贾府春节剪窗花场景，展现了剪纸艺术在当时贵族家庭的普及程度。近现代以来，京作剪纸历经沉浮，在战乱与变革中艰难传承，同时也在时代浪潮中不断创新，适应新的生活场景。','京作剪纸是北京市非物质文化遗产，承载的是一门手艺，是老北京人的生活智慧、审美情趣与家国情怀。它具有重要的历史、艺术和文化价值，为研究北京地区民俗文化、社会生活提供了重要依据。京作剪纸的保护和传承，对于弘扬中华优秀传统文化、增强文化自信具有重要意义。','张晓林（第三代传承人）、张立君（第四代传承人）','[\"https://travelate.oss-cn-wuhan-lr.aliyuncs.com/yayfolk/heritage/images/d6dcaa92-3f80-4949-971a-9bdf61480965.png\"]','https://travelate.oss-cn-wuhan-lr.aliyuncs.com/yayfolk/heritage/videos/e2935883-28bd-4542-9612-db8e4eecc2df.mp4',NULL,NULL,NULL,NULL,1,0,'2026-03-28 09:48:21','2026-03-30 14:26:15'),(151,'毛猴制作技艺','传统手工艺',NULL,'清代','北京','national','适合串联京味民俗和手工体验。',NULL,NULL,NULL,NULL,NULL,NULL,NULL,NULL,NULL,0,0,'2026-03-28 09:48:21','2026-03-28 09:48:21'),(152,'冰糖葫芦制作技艺','传统手工艺',NULL,'清代','北京','national','适合春节市集与街区体验。',NULL,NULL,NULL,NULL,NULL,NULL,NULL,NULL,NULL,0,0,'2026-03-28 09:48:21','2026-03-28 09:48:21'),(153,'苏扇制作技艺','传统手工艺',NULL,'宋代','江苏','national','适合文人器物与手工体验路线。',NULL,NULL,NULL,NULL,NULL,NULL,NULL,NULL,NULL,0,0,'2026-03-28 09:48:21','2026-03-28 09:48:21'),(154,'缂丝织造技艺','传统手工艺',NULL,'宋代','江苏','national','适合高阶织造工艺体验。',NULL,NULL,NULL,NULL,NULL,NULL,NULL,NULL,NULL,0,0,'2026-03-28 09:48:21','2026-03-28 09:48:21'),(155,'绒花制作技艺','传统手工艺',NULL,'清代','天津','national','适合春节头饰和节庆花艺体验。',NULL,NULL,NULL,NULL,NULL,NULL,NULL,NULL,NULL,0,0,'2026-03-28 09:48:21','2026-03-28 09:48:21'),(156,'潍坊花灯制作技艺','传统手工艺',NULL,'清代','山东','national','适合春节夜游和彩灯制作体验。',NULL,NULL,NULL,NULL,NULL,NULL,NULL,NULL,NULL,0,0,'2026-03-28 09:48:21','2026-03-28 09:48:21'),(157,'鲁绣','传统手工艺',NULL,'清代','山东','national','适合齐鲁针法与节庆纹样体验。',NULL,NULL,NULL,NULL,NULL,NULL,NULL,NULL,NULL,0,0,'2026-03-28 09:48:21','2026-03-28 09:48:21'),(158,'龙舟习俗','传统民俗',NULL,'宋代','广东','national','适合端午主题民俗路线。',NULL,NULL,NULL,NULL,NULL,NULL,NULL,NULL,NULL,0,0,'2026-03-28 09:48:21','2026-03-28 09:48:21'),(159,'寒食清明踏青习俗','传统民俗',NULL,'宋代','江苏','national','适合清明踏青和春日出游路线。',NULL,NULL,NULL,NULL,NULL,NULL,NULL,NULL,NULL,0,0,'2026-03-28 09:48:21','2026-03-28 09:48:21'),(160,'香包佩饰习俗','传统民俗',NULL,'清代','安徽','national','适合端午主题的民俗体验。',NULL,NULL,NULL,NULL,NULL,NULL,NULL,NULL,NULL,0,0,'2026-03-28 09:48:21','2026-03-28 09:48:21'),(176,'汝瓷','传统技艺','青瓷烧制技艺','始于唐代中期，盛于北宋中晚期','河南省汝州市、宝丰县','national','汝瓷是中国宋代\"五大名窑\"之首，因位于宋代汝州而得名。汝瓷以天青色釉为主，釉色温润如玉，素雅含蓄，体现了宋代清淡优雅的审美追求。汝瓷烧制技艺技术性强，采用一钵一器支钉托烧的叠烧技法，具有配料绝、变色绝、裂纹绝、应光绝四大特色。','汝瓷烧制技艺始于唐代中叶，北宋中晚期达到鼎盛时期，为北宋宫廷专造。汝官窑存续时间只有20年左右，成品率极低，传世作品不足百件。宋、金对峙时期，汝官窑停烧，烧制技艺传至民间。元、明、清至当代，汝瓷烧制技艺在民间传承、延续、发展。新中国成立后，20世纪80年代天青釉汝瓷复烧成功。2011年5月23日，汝瓷烧制技艺经国务院批准列入第三批国家级非物质文化遗产名录。','汝瓷烧制技艺具有重要的历史、艺术和科学价值。历史上汝窑所烧精品均为皇家御用品，蕴涵唐宋的文化艺术精神，结晶着唐宋的科技水平与能力。汝瓷独特的釉色对后世瓷器烧造产生了深远影响，至今一直被视作瓷釉的楷模而被仿烧。汝瓷烧制技艺的传承延续着口传心授的方式，为传统工艺的传承提供了重要借鉴价值。','朱文立、李廷怀、孟玉松、王君子等国家级传承人','[\"https://travelate.oss-cn-wuhan-lr.aliyuncs.com/yayfolk/heritage/images/1c0acaa8-3c59-4211-83b3-cd952f15749e.png\"]','https://travelate.oss-cn-wuhan-lr.aliyuncs.com/yayfolk/heritage/videos/f951bbb6-62af-4257-b606-5a28588496c4.mp4',NULL,NULL,NULL,NULL,1,0,'2026-03-30 11:46:15','2026-03-30 14:43:28'),(177,'傩舞','传统舞蹈','祭祀舞蹈','原始社会','江西、安徽、贵州、云南、广东、广西、四川等省份','national','傩舞又称鬼戏，是中国汉族最古老的一种驱鬼敬神、驱瘟避疫的娱神祭祀舞蹈，起源于汉族先民的自然崇拜、图腾崇拜和巫术意识，在原始社会氏族部落形成初期便诞生。','傩舞起源于原始社会，周代时纳入国家礼制。先秦文献记载，傩礼是希望调理四时阴阳，以求寒暑相宜，风调雨顺，五谷丰登，人畜平安，国富民生。唐宋以后，儒学地位的提高压制了傩文化的传播，于是傩文化重心开始转移到西南边远等蛮荒之地。时至今日，傩舞已经由娱神的祭祀活动，衍变为娱神与娱人相结合的民俗活动。2006年5月20日，傩舞经国务院批准列入第一批国家级非物质文化遗产名录。','傩舞是中国舞蹈\"活化石\"，是历史、民俗、民间宗教和原始戏剧的综合体，蕴藏着丰富的文化基因，具有重要的研究价值。傩文化代代相传沿袭至今，是中华民族文化特点鲜明的民俗活动，在经济文化、道德教化、以及社交娱乐等方面发挥着正能量。','罗会武','[\"https://travelate.oss-cn-wuhan-lr.aliyuncs.com/yayfolk/heritage/images/68f3792d-5a6f-421b-b81c-8344932dbd3d.png\"]','https://travelate.oss-cn-wuhan-lr.aliyuncs.com/yayfolk/heritage/videos/7c088c62-c4b8-4a7e-a6dd-364829246a66.mp4',NULL,NULL,NULL,NULL,1,0,'2026-03-30 14:04:59','2026-03-30 14:34:50'),(178,'敦煌壁画','传统美术','彩绘壁画','北魏至元代','甘肃省敦煌市','national','敦煌壁画是敦煌莫高窟艺术的重要组成部分，是中国古代壁画艺术的巅峰之作。壁画内容丰富，包括佛像画、经变画、故事画、山水画等，展现了1000多年间中国绘画艺术的发展历程和辉煌成就。','敦煌壁画始于北魏时期，历经西魏、北周、隋、唐、五代、宋、西夏、元等朝代，延续1000多年。唐代是敦煌壁画的鼎盛时期，壁画艺术达到了前所未有的高度。1900年莫高窟藏经洞被发现后，敦煌壁画闻名世界。','敦煌壁画是丝绸之路上东西方文化交融的结晶，具有极高的历史、艺术和科学价值。壁画中保存了大量珍贵的历史资料，为研究中国古代社会、宗教、艺术、文化提供了重要依据。敦煌壁画的保护和研究，对于传承中华优秀传统文化、促进文化交流具有重要意义。','樊锦诗','[\"https://travelate.oss-cn-wuhan-lr.aliyuncs.com/yayfolk/heritage/images/0db1c398-1b61-476f-8dc2-008dd9568142.png\"]','https://travelate.oss-cn-wuhan-lr.aliyuncs.com/yayfolk/heritage/videos/0cba8dd7-f1b1-495e-b7af-bfe93a86ba5e.mp4',NULL,NULL,NULL,NULL,1,0,'2026-03-30 14:20:57',NULL),(179,'皮影戏','传统戏剧','操纵影偶表演','起源于汉代，形成于唐末五代，盛于清代','全国各省份（河北唐山、陕西华县、甘肃环县、山西孝义、浙江海宁、湖北江汉平原、广东陆丰、辽宁凌源等）','national','皮影戏又称\"影子戏\"或\"灯影戏\"，是中华民族最古老的民间艺术形式之一。皮影戏是一种用兽皮或纸板剪制形象并借灯光照射所剪形象而表演故事的戏曲形式，是集绘画、雕刻、音乐、演唱为一体的综合性民间艺术，被誉为\"电影的鼻祖\"\"最早的卡通动画\"。','皮影戏从有文字记载已经有2000多年的历史。汉代已有\"弄影\"的记载，唐代开始发展，宋代已经成熟并盛行，经过宋、金、元、明四个历史时期的发展，在清代呈现出繁荣局面。元代时期传至西亚和欧洲。2006年5月20日，经国务院批准列入第一批国家级非物质文化遗产名录。2011年，中国皮影戏入选人类非物质文化遗产代表作名录。','皮影戏是我国重要的民间传统艺术，具有重要的历史、艺术和文化价值。皮影戏的传承延续着口传心授的方式，为文化传承的方式方法提供了重要借鉴价值。皮影戏的唱腔、音乐、表演、造型有着本地域特有的风格，受到国内外同行和观众的赞誉，具有很高的欣赏与研究价值。皮影戏是中华民族艺术殿堂里的一颗璀璨明珠，更是让当代人触摸历史脉搏、留住文化记忆的重要载体。','许子林（凌源皮影戏）、张国治（唐山皮影戏）、汪天喜（华县皮影戏）等50位国家级传承人','[\"https://travelate.oss-cn-wuhan-lr.aliyuncs.com/yayfolk/heritage/images/5961f3b3-247b-4d8b-b52f-b00390c3bec2.png\"]','https://travelate.oss-cn-wuhan-lr.aliyuncs.com/yayfolk/heritage/videos/96435144-b515-4104-bdc4-2486d33449bf.mp4',NULL,NULL,NULL,NULL,1,0,'2026-03-30 14:30:53',NULL),(180,'京剧','传统戏剧','中国国剧','形成于清代（1790年徽班进京）','北京（全国各省份均有分布）','national','京剧被称为\"国剧\"、誉为\"国粹\"，是中国戏曲的集大成者，蕴含着中华历史文化的深厚底蕴。京剧是在徽汉合流的基础上，融合了徽调二黄与汉调西皮，经过200多年的发展形成的综合性舞台艺术，是中国第一大剧种。','京剧起源于清代，1790年（乾隆五十五年）为给乾隆皇帝祝寿，扬州盐商组织\"三庆\"徽班进京，徽班进京演出拉开帷幕。此后，其他徽班也相继入京，形成了著名的\"三庆\"\"四喜\"\"春台\"\"和春\"四大徽班。道光年间，汉调艺人进京加入徽班演出，形成了\"徽汉合流\"的局面，京剧由此诞生。2010年11月16日，京剧被联合国教科文组织列入\"人类非物质文化遗产代表作名录\"。','京剧作为中国文化的瑰宝，对于构建中华民族的精神家园有着不可替代的作用。京剧的传承延续着科班体系、家族血脉、师徒门户的活态传承网络，为文化传承提供了重要借鉴价值。京剧的唱腔、表演、脸谱、服饰等具有独特的艺术价值，受到国内外观众的喜爱，具有很高的欣赏与研究价值。京剧是中华民族艺术殿堂里的一颗璀璨明珠，更是让当代人触摸历史脉搏、留住文化记忆的重要载体。','梅葆玖（梅派）、谭元寿（谭派）、张火丁（程派）、李胜素（梅派）、孟广禄（裘派）、王珮瑜（余派）等国家级传承人','[\"https://travelate.oss-cn-wuhan-lr.aliyuncs.com/yayfolk/heritage/images/055cd81b-6e9a-46ae-b28c-9b66872cf899.png\"]','https://travelate.oss-cn-wuhan-lr.aliyuncs.com/yayfolk/heritage/videos/77e08d94-c024-4d15-9a0d-2b7b5e927cdd.mp4',NULL,NULL,NULL,NULL,1,0,'2026-03-30 14:38:38',NULL);
/*!40000 ALTER TABLE `intangible_cultural_heritage` ENABLE KEYS */;
UNLOCK TABLES;

--
-- Dumping data for table `merchant_applications`
--

LOCK TABLES `merchant_applications` WRITE;
/*!40000 ALTER TABLE `merchant_applications` DISABLE KEYS */;
INSERT INTO `merchant_applications` VALUES (1,10011,'秦秀娟','1234567890','13986074011','刺绣','美秀绣',NULL,'隽绣','江苏省刺市绣县',NULL,NULL,NULL,'approved',10024,'2026-03-28 23:47:40','测试','2026-03-26 21:27:21','2026-03-28 23:47:40',1);
/*!40000 ALTER TABLE `merchant_applications` ENABLE KEYS */;
UNLOCK TABLES;
/*!50003 SET @saved_cs_client      = @@character_set_client */ ;
/*!50003 SET @saved_cs_results     = @@character_set_results */ ;
/*!50003 SET @saved_col_connection = @@collation_connection */ ;
/*!50003 SET character_set_client  = utf8mb4 */ ;
/*!50003 SET character_set_results = utf8mb4 */ ;
/*!50003 SET collation_connection  = utf8mb4_0900_ai_ci */ ;
/*!50003 SET @saved_sql_mode       = @@sql_mode */ ;
/*!50003 SET sql_mode              = 'ONLY_FULL_GROUP_BY,STRICT_TRANS_TABLES,NO_ZERO_IN_DATE,NO_ZERO_DATE,ERROR_FOR_DIVISION_BY_ZERO,NO_ENGINE_SUBSTITUTION' */ ;
DELIMITER ;;
/*!50003 CREATE*/ /*!50017 DEFINER=`root`@`localhost`*/ /*!50003 TRIGGER `trg_merchant_applications_bi_sync_profile` BEFORE INSERT ON `merchant_applications` FOR EACH ROW BEGIN
    CALL sp_upsert_merchant_profile_from_application(
        NEW.id,
        NEW.user_id,
        NEW.real_name,
        NEW.phone,
        NEW.heritage_type,
        NEW.heritage_description,
        NEW.proof_images,
        NEW.shop_name,
        NEW.shop_address,
        NEW.province,
        NEW.city,
        NEW.intro,
        NEW.application_status
    );

    SET NEW.merchant_profile_id = (
        SELECT mp.id
        FROM merchant_profiles mp
        WHERE mp.user_id = NEW.user_id
        LIMIT 1
    );
END */;;
DELIMITER ;
/*!50003 SET sql_mode              = @saved_sql_mode */ ;
/*!50003 SET character_set_client  = @saved_cs_client */ ;
/*!50003 SET character_set_results = @saved_cs_results */ ;
/*!50003 SET collation_connection  = @saved_col_connection */ ;
/*!50003 SET @saved_cs_client      = @@character_set_client */ ;
/*!50003 SET @saved_cs_results     = @@character_set_results */ ;
/*!50003 SET @saved_col_connection = @@collation_connection */ ;
/*!50003 SET character_set_client  = utf8mb4 */ ;
/*!50003 SET character_set_results = utf8mb4 */ ;
/*!50003 SET collation_connection  = utf8mb4_0900_ai_ci */ ;
/*!50003 SET @saved_sql_mode       = @@sql_mode */ ;
/*!50003 SET sql_mode              = 'ONLY_FULL_GROUP_BY,STRICT_TRANS_TABLES,NO_ZERO_IN_DATE,NO_ZERO_DATE,ERROR_FOR_DIVISION_BY_ZERO,NO_ENGINE_SUBSTITUTION' */ ;
DELIMITER ;;
/*!50003 CREATE*/ /*!50017 DEFINER=`root`@`localhost`*/ /*!50003 TRIGGER `trg_merchant_applications_ai_fix_latest_application` AFTER INSERT ON `merchant_applications` FOR EACH ROW BEGIN
    UPDATE merchant_profiles mp
    SET mp.latest_application_id = NEW.id,
        mp.business_status = CASE
            WHEN NEW.application_status IN ('active', 'approved', 'rejected', 'disabled', 'closed', 'pending') THEN NEW.application_status
            ELSE mp.business_status
        END,
        mp.update_time = CURRENT_TIMESTAMP
    WHERE mp.user_id = NEW.user_id;
END */;;
DELIMITER ;
/*!50003 SET sql_mode              = @saved_sql_mode */ ;
/*!50003 SET character_set_client  = @saved_cs_client */ ;
/*!50003 SET character_set_results = @saved_cs_results */ ;
/*!50003 SET collation_connection  = @saved_col_connection */ ;
/*!50003 SET @saved_cs_client      = @@character_set_client */ ;
/*!50003 SET @saved_cs_results     = @@character_set_results */ ;
/*!50003 SET @saved_col_connection = @@collation_connection */ ;
/*!50003 SET character_set_client  = utf8mb4 */ ;
/*!50003 SET character_set_results = utf8mb4 */ ;
/*!50003 SET collation_connection  = utf8mb4_0900_ai_ci */ ;
/*!50003 SET @saved_sql_mode       = @@sql_mode */ ;
/*!50003 SET sql_mode              = 'ONLY_FULL_GROUP_BY,STRICT_TRANS_TABLES,NO_ZERO_IN_DATE,NO_ZERO_DATE,ERROR_FOR_DIVISION_BY_ZERO,NO_ENGINE_SUBSTITUTION' */ ;
DELIMITER ;;
/*!50003 CREATE*/ /*!50017 DEFINER=`root`@`localhost`*/ /*!50003 TRIGGER `trg_merchant_applications_bu_sync_profile` BEFORE UPDATE ON `merchant_applications` FOR EACH ROW BEGIN
    CALL sp_upsert_merchant_profile_from_application(
        OLD.id,
        NEW.user_id,
        NEW.real_name,
        NEW.phone,
        NEW.heritage_type,
        NEW.heritage_description,
        NEW.proof_images,
        NEW.shop_name,
        NEW.shop_address,
        NEW.province,
        NEW.city,
        NEW.intro,
        NEW.application_status
    );

    SET NEW.merchant_profile_id = (
        SELECT mp.id
        FROM merchant_profiles mp
        WHERE mp.user_id = NEW.user_id
        LIMIT 1
    );
END */;;
DELIMITER ;
/*!50003 SET sql_mode              = @saved_sql_mode */ ;
/*!50003 SET character_set_client  = @saved_cs_client */ ;
/*!50003 SET character_set_results = @saved_cs_results */ ;
/*!50003 SET collation_connection  = @saved_col_connection */ ;

--
-- Dumping data for table `merchant_profiles`
--

LOCK TABLES `merchant_profiles` WRITE;
/*!40000 ALTER TABLE `merchant_profiles` DISABLE KEYS */;
INSERT INTO `merchant_profiles` VALUES (1,10011,'隽绣','https://travelate.oss-cn-wuhan-lr.aliyuncs.com/yayfolk/homepage/5a0d6698-05fc-4c22-b96d-8efcdc8b7f09.png',NULL,'秦秀娟','13986074011','qinjiayi_1106@qq.com',NULL,NULL,NULL,'江苏省刺市绣县','刺绣','美秀绣',NULL,'approved',1,'2026-03-13 01:57:15','2026-04-03 22:26:02'),(2,10025,'京华非遗工坊',NULL,'聚焦京味非遗体验与讲解',NULL,'13800000001',NULL,NULL,NULL,NULL,NULL,NULL,NULL,NULL,'active',NULL,'2026-03-28 09:52:05','2026-03-28 11:15:27'),(3,10026,'苏作匠心馆',NULL,'以江南手工艺体验为主',NULL,'13800000002',NULL,NULL,NULL,NULL,NULL,NULL,NULL,NULL,'active',NULL,'2026-03-28 09:52:05','2026-03-28 11:15:27'),(4,10027,'金陵雅集馆',NULL,'结合传统工艺和节庆活动',NULL,'13800000003',NULL,NULL,NULL,NULL,NULL,NULL,NULL,NULL,'active',NULL,'2026-03-28 09:52:05','2026-03-28 11:15:27'),(5,10028,'徽州四宝社',NULL,'文房四宝主题体验空间',NULL,'13800000004',NULL,NULL,NULL,NULL,NULL,NULL,NULL,NULL,'active',NULL,'2026-03-28 09:52:05','2026-03-28 11:15:27'),(6,10029,'蜀风非遗坊',NULL,'四川传统技艺和戏曲体验',NULL,'13800000005',NULL,NULL,NULL,NULL,NULL,NULL,NULL,NULL,'active',NULL,'2026-03-28 09:52:05','2026-03-28 11:15:27'),(7,10030,'长安艺脉馆',NULL,'唐风美术主题路线运营',NULL,'13800000006',NULL,NULL,NULL,NULL,NULL,NULL,NULL,NULL,'active',NULL,'2026-03-28 09:52:05','2026-03-28 11:15:27'),(8,10031,'苗岭锦绣社',NULL,'少数民族非遗深度体验',NULL,'13800000007',NULL,NULL,NULL,NULL,NULL,NULL,NULL,NULL,'active',NULL,'2026-03-28 09:52:05','2026-03-28 11:15:27'),(9,10032,'壮乡锦艺阁',NULL,'壮族织锦与铜鼓民俗体验',NULL,'13800000008',NULL,NULL,NULL,NULL,NULL,NULL,NULL,NULL,'active',NULL,'2026-03-28 09:52:05','2026-03-28 11:15:27'),(10,10033,'津门年艺馆',NULL,'天津春节美术类非遗体验',NULL,'13800000009',NULL,NULL,NULL,NULL,NULL,NULL,NULL,NULL,'active',NULL,'2026-03-28 09:52:05','2026-03-28 11:15:27'),(11,10034,'齐鲁巧艺坊',NULL,'鲁派手工艺和节令体验',NULL,'13800000010',NULL,NULL,NULL,NULL,NULL,NULL,NULL,NULL,'active',NULL,'2026-03-28 09:52:05','2026-03-28 11:15:27'),(12,10035,'中原唐艺馆',NULL,'唐风陶艺和古都体验',NULL,'13800000011',NULL,NULL,NULL,NULL,NULL,NULL,NULL,NULL,'active',NULL,'2026-03-28 09:52:05','2026-03-28 11:15:27'),(13,10036,'越地青瓷社',NULL,'宋韵器物与生活美学',NULL,'13800000012',NULL,NULL,NULL,NULL,NULL,NULL,NULL,NULL,'active',NULL,'2026-03-28 09:52:05','2026-03-28 11:15:27'),(14,10037,'岭南绣作馆',NULL,'岭南传统手工艺体验',NULL,'13800000013',NULL,NULL,NULL,NULL,NULL,NULL,NULL,NULL,'active',NULL,'2026-03-28 09:52:05','2026-03-28 11:15:27');
/*!40000 ALTER TABLE `merchant_profiles` ENABLE KEYS */;
UNLOCK TABLES;

--
-- Dumping data for table `merchant_reviews`
--

LOCK TABLES `merchant_reviews` WRITE;
/*!40000 ALTER TABLE `merchant_reviews` DISABLE KEYS */;
INSERT INTO `merchant_reviews` VALUES (1,10011,10000,NULL,1,'activity',4.0,'nice','2026-03-31 08:42:35','2026-03-31 08:42:35');
/*!40000 ALTER TABLE `merchant_reviews` ENABLE KEYS */;
UNLOCK TABLES;

--
-- Dumping data for table `messages`
--

LOCK TABLES `messages` WRITE;
/*!40000 ALTER TABLE `messages` DISABLE KEYS */;
INSERT INTO `messages` VALUES (12,4,10000,10011,'hello,what is your name?','text','en',1,'2026-03-20 15:33:31',_binary '\0',_binary '\0'),(13,4,10011,10000,'你好我叫Jane','text','auto',1,'2026-03-20 15:42:04',_binary '\0',_binary '\0'),(14,4,10011,10000,'你呢，你叫什么','text','auto',1,'2026-03-20 15:43:35',_binary '\0',_binary '\0'),(15,4,10011,10000,'你好','text','zh',1,'2026-03-21 00:16:23',_binary '\0',_binary '\0'),(16,5,10020,10011,'你好','text','zh',1,'2026-03-21 03:28:20',_binary '\0',_binary ''),(18,5,10020,10011,'在吗','text','zh',1,'2026-03-21 03:28:54',_binary '\0',_binary '\0'),(19,7,10024,10047,'你好','text','zh',1,'2026-03-29 03:32:19',_binary '\0',_binary '\0'),(20,8,10000,10047,'客服','text','zh',1,'2026-03-29 03:50:53',_binary '\0',_binary '\0'),(21,8,10047,10000,'我是客服小简','text','zh',1,'2026-03-29 09:52:06',_binary '\0',_binary '\0'),(22,7,10047,10024,'你好，我是客服小简','text','zh',0,'2026-03-29 09:52:28',_binary '\0',_binary '\0'),(23,8,10000,10047,'我没有什么问题','text','zh',1,'2026-03-29 12:12:05',_binary '\0',_binary '\0'),(24,8,10000,10047,'就是想要测试一下','text','zh',1,'2026-03-29 12:12:19',_binary '\0',_binary '\0'),(25,8,10047,10000,'好的','text','zh',1,'2026-03-29 12:12:37',_binary '\0',_binary '\0'),(26,8,10047,10000,'测试得怎么样了','text','zh',1,'2026-03-29 12:16:20',_binary '\0',_binary '\0'),(27,8,10047,10000,'还差一点','text','zh',1,'2026-03-29 12:24:07',_binary '\0',_binary '\0'),(28,8,10000,10047,'对还差一点','text','zh',1,'2026-03-29 12:24:52',_binary '\0',_binary '\0'),(29,9,10011,10047,'我有问题','text','zh',1,'2026-04-03 00:09:55',_binary '\0',_binary '\0');
/*!40000 ALTER TABLE `messages` ENABLE KEYS */;
UNLOCK TABLES;

--
-- Dumping data for table `notifications`
--

LOCK TABLES `notifications` WRITE;
/*!40000 ALTER TABLE `notifications` DISABLE KEYS */;
INSERT INTO `notifications` VALUES (17,10000,'comment',10011,9,1,'+1 commented on your post: 你好',1,'2026-03-30 17:11:20');
/*!40000 ALTER TABLE `notifications` ENABLE KEYS */;
UNLOCK TABLES;

--
-- Dumping data for table `official_contents`
--

LOCK TABLES `official_contents` WRITE;
/*!40000 ALTER TABLE `official_contents` DISABLE KEYS */;
INSERT INTO `official_contents` VALUES (1,'homepage_publish_work','[7,4]','homepage_work_selection',NULL,NULL,NULL,1,0,10047,'2026-03-30 00:33:03',NULL),(2,'homepage_publish_activity','[4,5,8]','homepage_activity_selection',NULL,NULL,NULL,1,0,10047,'2026-03-30 02:07:14',NULL),(3,'homepage_publish_heritage','[113,114,117,118,119,122]','homepage_heritage_selection',NULL,NULL,NULL,1,0,10047,'2026-03-30 02:07:40',NULL),(4,'homepage_publish_work','[7,4,6,2,5,3]','homepage_work_selection',NULL,NULL,NULL,1,0,10047,'2026-03-30 02:08:37',NULL),(5,'homepage_publish_heritage','[176,113,114,117,118,119]','homepage_heritage_selection',NULL,NULL,NULL,1,0,10047,'2026-03-30 11:46:15',NULL),(6,'homepage_publish_heritage','[176,117,118,119]','homepage_heritage_selection',NULL,NULL,NULL,1,0,10047,'2026-03-30 14:00:19',NULL),(7,'homepage_publish_heritage','[176,117,118,119,177]','homepage_heritage_selection',NULL,NULL,NULL,1,0,10047,'2026-03-30 14:06:22',NULL),(8,'homepage_publish_heritage','[176,117,118,119,177,178]','homepage_heritage_selection',NULL,NULL,NULL,1,0,10047,'2026-03-30 14:21:11',NULL),(9,'homepage_publish_heritage','[176,178,177,150]','homepage_heritage_selection',NULL,NULL,NULL,1,0,10047,'2026-03-30 14:26:56',NULL),(10,'homepage_publish_heritage','[150,176,178,177,179]','homepage_heritage_selection',NULL,NULL,NULL,1,0,10047,'2026-03-30 14:31:04',NULL),(11,'homepage_publish_heritage','[150,176,177,178,179,180]','homepage_heritage_selection',NULL,NULL,NULL,1,0,10047,'2026-03-30 14:45:17',NULL);
/*!40000 ALTER TABLE `official_contents` ENABLE KEYS */;
UNLOCK TABLES;

--
-- Dumping data for table `orders`
--

LOCK TABLES `orders` WRITE;
/*!40000 ALTER TABLE `orders` DISABLE KEYS */;
/*!40000 ALTER TABLE `orders` ENABLE KEYS */;
UNLOCK TABLES;
/*!50003 SET @saved_cs_client      = @@character_set_client */ ;
/*!50003 SET @saved_cs_results     = @@character_set_results */ ;
/*!50003 SET @saved_col_connection = @@collation_connection */ ;
/*!50003 SET character_set_client  = utf8mb4 */ ;
/*!50003 SET character_set_results = utf8mb4 */ ;
/*!50003 SET collation_connection  = utf8mb4_0900_ai_ci */ ;
/*!50003 SET @saved_sql_mode       = @@sql_mode */ ;
/*!50003 SET sql_mode              = 'ONLY_FULL_GROUP_BY,STRICT_TRANS_TABLES,NO_ZERO_IN_DATE,NO_ZERO_DATE,ERROR_FOR_DIVISION_BY_ZERO,NO_ENGINE_SUBSTITUTION' */ ;
DELIMITER ;;
/*!50003 CREATE*/ /*!50017 DEFINER=`root`@`localhost`*/ /*!50003 TRIGGER `trg_orders_bi_fill_merchant_profile` BEFORE INSERT ON `orders` FOR EACH ROW BEGIN
    IF NEW.merchant_profile_id IS NULL AND NEW.merchant_id IS NOT NULL THEN
        SET NEW.merchant_profile_id = (
            SELECT mp.id
            FROM merchant_profiles mp
            WHERE mp.user_id = NEW.merchant_id
            LIMIT 1
        );
    ELSEIF NEW.merchant_id IS NULL AND NEW.merchant_profile_id IS NOT NULL THEN
        SET NEW.merchant_id = (
            SELECT mp.user_id
            FROM merchant_profiles mp
            WHERE mp.id = NEW.merchant_profile_id
            LIMIT 1
        );
    END IF;
END */;;
DELIMITER ;
/*!50003 SET sql_mode              = @saved_sql_mode */ ;
/*!50003 SET character_set_client  = @saved_cs_client */ ;
/*!50003 SET character_set_results = @saved_cs_results */ ;
/*!50003 SET collation_connection  = @saved_col_connection */ ;
/*!50003 SET @saved_cs_client      = @@character_set_client */ ;
/*!50003 SET @saved_cs_results     = @@character_set_results */ ;
/*!50003 SET @saved_col_connection = @@collation_connection */ ;
/*!50003 SET character_set_client  = utf8mb4 */ ;
/*!50003 SET character_set_results = utf8mb4 */ ;
/*!50003 SET collation_connection  = utf8mb4_0900_ai_ci */ ;
/*!50003 SET @saved_sql_mode       = @@sql_mode */ ;
/*!50003 SET sql_mode              = 'ONLY_FULL_GROUP_BY,STRICT_TRANS_TABLES,NO_ZERO_IN_DATE,NO_ZERO_DATE,ERROR_FOR_DIVISION_BY_ZERO,NO_ENGINE_SUBSTITUTION' */ ;
DELIMITER ;;
/*!50003 CREATE*/ /*!50017 DEFINER=`root`@`localhost`*/ /*!50003 TRIGGER `trg_orders_bu_fill_merchant_profile` BEFORE UPDATE ON `orders` FOR EACH ROW BEGIN
    IF NEW.merchant_profile_id IS NULL AND NEW.merchant_id IS NOT NULL THEN
        SET NEW.merchant_profile_id = (
            SELECT mp.id
            FROM merchant_profiles mp
            WHERE mp.user_id = NEW.merchant_id
            LIMIT 1
        );
    ELSEIF NEW.merchant_id IS NULL AND NEW.merchant_profile_id IS NOT NULL THEN
        SET NEW.merchant_id = (
            SELECT mp.user_id
            FROM merchant_profiles mp
            WHERE mp.id = NEW.merchant_profile_id
            LIMIT 1
        );
    END IF;
END */;;
DELIMITER ;
/*!50003 SET sql_mode              = @saved_sql_mode */ ;
/*!50003 SET character_set_client  = @saved_cs_client */ ;
/*!50003 SET character_set_results = @saved_cs_results */ ;
/*!50003 SET collation_connection  = @saved_col_connection */ ;

--
-- Dumping data for table `phrases`
--

LOCK TABLES `phrases` WRITE;
/*!40000 ALTER TABLE `phrases` DISABLE KEYS */;
INSERT INTO `phrases` VALUES (4,10011,'非常感谢。','收藏','2026-03-20 17:10:09',NULL),(6,10000,'非常感谢','收藏','2026-03-20 17:14:16',NULL),(7,10000,'嗨，很高兴认识你','收藏','2026-03-20 19:33:51','hi,nice to meet you'),(57,10020,'你好，请问附近有洗手间吗？','日常','2026-03-21 03:16:08','こんにちは、近くにトイレはありますか？'),(58,10020,'这个多少钱？','買い物','2026-03-21 03:16:08','これはいくらですか？'),(59,10020,'请给我一杯咖啡','飲食','2026-03-21 03:16:08','コーヒーを一杯ください'),(60,10020,'请问怎么去机场？','交通','2026-03-21 03:16:08','空港へはどうやって行きますか？'),(61,10020,'我需要帮助','緊急','2026-03-21 03:16:08','助けが必要です'),(62,10020,'谢谢你的帮助','礼儀','2026-03-21 03:16:08','助けてくれてありがとう'),(63,10020,'我不会说当地语言','コミュニケーション','2026-03-21 03:16:08','現地の言葉が話せません'),(64,10020,'请说慢一点','コミュニケーション','2026-03-21 03:16:08','もっとゆっくり話してください'),(82,10023,'你好，请问附近有洗手间吗？','日常','2026-03-22 07:19:34','你好，请问附近有洗手间吗？'),(83,10023,'这个多少钱？','购物','2026-03-22 07:19:34','这个多少钱？'),(84,10023,'请给我一杯咖啡','餐饮','2026-03-22 07:19:34','请给我一杯咖啡'),(85,10023,'请问怎么去机场？','交通','2026-03-22 07:19:34','请问怎么去机场？'),(86,10023,'我需要帮助','紧急','2026-03-22 07:19:34','我需要帮助'),(87,10023,'谢谢你的帮助','礼貌','2026-03-22 07:19:34','谢谢你的帮助'),(88,10023,'我不会说当地语言','沟通','2026-03-22 07:19:34','我不会说当地语言'),(89,10023,'请说慢一点','沟通','2026-03-22 07:19:34','请说慢一点');
/*!40000 ALTER TABLE `phrases` ENABLE KEYS */;
UNLOCK TABLES;

--
-- Dumping data for table `post_reports`
--

LOCK TABLES `post_reports` WRITE;
/*!40000 ALTER TABLE `post_reports` DISABLE KEYS */;
INSERT INTO `post_reports` VALUES (1,9,10047,'无关','processed',10047,'2026-03-29 14:49:31','2026-03-29 14:23:59'),(2,8,10011,'空','processed',10047,'2026-03-29 14:43:51','2026-03-29 14:43:00');
/*!40000 ALTER TABLE `post_reports` ENABLE KEYS */;
UNLOCK TABLES;

--
-- Dumping data for table `rag_activities`
--

LOCK TABLES `rag_activities` WRITE;
/*!40000 ALTER TABLE `rag_activities` DISABLE KEYS */;
INSERT INTO `rag_activities` VALUES (1,1,1,'京剧脸谱沉浸体验','春节','北京市东城区京华非遗剧场','可体验身段讲解、脸谱绘制和折子戏片段。'),(2,2,1,'景泰蓝掐丝点蓝工坊','全年','北京市东城区京华器物馆','安排掐丝、点蓝和烧制工艺演示。'),(3,3,1,'庙会面塑亲子课程','春节','北京市前门民俗体验馆','适合春节场景的轻量动手体验。'),(4,4,1,'中轴灯彩夜游手作课','中秋','北京市东城区灯彩工坊','适合夜间路线与节庆拍照。'),(5,5,1,'清明风筝彩绘体验','清明','北京市朝阳公园风筝坊','适合踏青与风筝放飞结合。'),(6,6,2,'苏绣针法体验课','全年','苏州市姑苏区苏作匠心馆','安排丝线认知、针法演示和小样制作。'),(7,7,2,'昆山腔身段体验','全年','苏州市昆曲小剧场','体验戏曲声腔、身段和折扇动作。'),(8,8,3,'云锦织机观摩与纹样设计','全年','南京市秦淮区金陵雅集馆','适合器物和工艺爱好者。'),(9,9,3,'木版年画印制课','春节','苏州市桃花坞木版工作室','适合春节主题非遗路线。'),(10,10,3,'秦淮灯彩夜游体验','中秋','南京市夫子庙灯彩展馆','适合夜游、拍照和灯彩 DIY。'),(11,11,4,'宣纸抄纸体验营','全年','宣城市泾县宣纸工坊','安排原料识别、抄纸和晾晒体验。'),(12,12,4,'歙砚雕刻体验','全年','黄山市歙县砚文化馆','适合文房四宝路线串联。'),(13,13,4,'徽墨制墨闻香课','全年','黄山市屯溪区墨艺工坊','体验炼烟、和胶与描金流程。'),(14,14,5,'成都糖画庙会体验','春节','成都市锦江区蜀风市集','适合春节与街区步行路线。'),(15,15,5,'川剧变脸夜场互动','全年','成都市锦江剧场','安排表演、后台服饰讲解和拍照。'),(16,16,5,'蜀绣针法体验课','全年','成都市非遗织绣中心','适合静态体验与审美型游客。'),(17,17,5,'竹编手作半日课','全年','眉山市青神竹编基地','适合自然材料主题路线。'),(18,18,6,'唐风壁画临摹课','全年','西安市长安艺脉馆','适合唐代美术主题线路。'),(19,19,6,'碑刻传拓体验','全年','西安市碑林拓印中心','适合文博型用户半日游。'),(20,20,6,'长安宫灯彩绘夜游','中秋','西安市大唐风华街区','适合中秋与盛唐灯彩主题。'),(21,21,7,'苗绣纹样体验','全年','凯里市苗绣生活馆','适合少数民族主题路线。'),(22,22,7,'银饰锻制体验','全年','凯里市银饰非遗馆','适合服饰文化深度体验。'),(23,23,8,'壮锦织机体验','全年','南宁市壮锦工坊','适合少数民族织造体验。'),(24,24,8,'铜鼓民俗展演','端午','河池市铜鼓文化广场','适合民俗节庆线路。'),(25,25,9,'杨柳青年画木版印刷','春节','天津市年画体验馆','适合春节主题和亲子体验。'),(26,26,9,'泥人张彩塑体验','春节','天津市彩塑工坊','适合节庆民艺半日路线。'),(27,27,10,'潍坊风筝扎制体验','清明','潍坊世界风筝博物馆','适合清明踏青路线。'),(28,28,10,'鲁派剪纸窗花工坊','春节','潍坊民艺中心','适合春节主题路线。'),(29,29,11,'唐三彩器形彩绘课','全年','洛阳市唐艺体验馆','适合陶艺和大唐审美体验。'),(30,30,12,'青瓷拉坯烧制课','中秋','龙泉青瓷研究社','适合宋韵器物路线。'),(31,31,12,'制扇题字雅集','全年','杭州市西湖制扇馆','适合文房四宝和文人器物路线。'),(32,32,13,'广绣纹样针法体验','全年','广州市岭南绣作馆','适合都市中的传统工艺体验。'),(33,33,13,'潮州木雕刻花课','全年','潮州市木雕工坊','适合古城与工艺结合路线。'),(34,34,13,'端砚开砚与制砚体验','全年','肇庆市端砚文化馆','适合文房四宝主题线路。'),(35,35,3,'宋锦织造纹样体验','中秋','苏州市宋锦体验中心','适合宋代器物与节庆结合路线。'),(36,36,1,'京绣节庆纹样体验','春节','北京市东城区京绣工坊','适合春节图样和针法体验。'),(37,37,1,'兔儿爷彩塑手作课','春节','北京市东城区民艺体验馆','适合老北京节庆路线。'),(38,38,1,'京作剪纸窗花体验','春节','北京市东城区剪纸工坊','适合节庆窗花制作。'),(39,39,1,'毛猴造景手作课','春节','北京市前门京味工坊','适合街区和民俗结合的体验。'),(40,40,1,'冰糖葫芦熬糖体验','春节','北京市东城区年味市集','适合春节市集型路线。'),(41,41,2,'苏扇绘制与装裱课','全年','苏州市姑苏区制扇馆','适合文房四宝延展路线。'),(42,42,2,'缂丝经纬体验课','中秋','苏州市织造体验馆','适合高阶手工艺路线。'),(43,43,9,'绒花头饰制作课','春节','天津市绒花民艺馆','适合春节喜庆路线。'),(44,44,10,'花灯扎制夜游体验','春节','潍坊市花灯民艺馆','适合春节夜游。'),(45,45,10,'鲁绣针法体验营','春节','济南市鲁绣生活馆','适合春节纹样体验。'),(46,46,13,'龙舟民俗展演','端午','佛山市龙舟文化广场','适合端午主题路线。'),(47,47,3,'清明踏青习俗导览','清明','南京市郊春日体验点','适合清明主题轻路线。'),(48,48,4,'端午香包佩饰手作','端午','黄山市民俗体验馆','适合端午民俗主题体验。');
/*!40000 ALTER TABLE `rag_activities` ENABLE KEYS */;
UNLOCK TABLES;

--
-- Dumping data for table `rag_heritage_items`
--

LOCK TABLES `rag_heritage_items` WRITE;
/*!40000 ALTER TABLE `rag_heritage_items` DISABLE KEYS */;
INSERT INTO `rag_heritage_items` VALUES (1,1,'京剧','清代','北京','北京','传统戏曲','春节,京味','爆竹声中一岁除','适合沉浸式感受京味戏曲表演与脸谱文化。',88),(2,1,'景泰蓝制作技艺','清代','北京','北京','传统手工艺','宫廷美学,器物','笔墨纸砚','适合体验掐丝点蓝的宫廷器物制作。',85),(3,1,'北京面塑','清代','北京','北京','传统手工艺','春节,庙会','爆竹声中一岁除','适合亲手制作节庆面塑与民俗造型。',90),(4,1,'宫灯制作技艺','明代','北京','北京','传统手工艺','春节,中秋,灯会','但愿人长久','适合节庆夜游场景与灯彩手作体验。',86),(5,1,'风筝制作技艺','清代','北京','北京','传统手工艺','清明,春游','清明时节雨纷纷','适合春日户外体验和传统彩绘工艺。',82),(6,2,'苏绣','宋代','江苏','苏州','传统手工艺','江南,文房四宝','笔墨纸砚','适合感受宋韵针法与江南审美。',95),(7,2,'南戏昆山腔','宋代','江苏','苏州','传统戏曲','江南戏曲','','适合体验宋韵戏曲声腔与舞台身段。',78),(8,3,'南京云锦','宋代','江苏','南京','传统手工艺','文房四宝,宫廷织造','笔墨纸砚','适合了解古代织造工艺与纹样设计。',96),(9,3,'桃花坞木版年画','明代','江苏','苏州','传统美术','春节,年画','爆竹声中一岁除','适合春节主题路线和木版印制体验。',91),(10,3,'秦淮灯彩','宋代','江苏','南京','传统美术','春节,中秋,灯会','但愿人长久','适合节庆夜游和灯彩制作路线。',89),(11,4,'宣纸制作技艺','唐代','安徽','宣城','传统手工艺','文房四宝','笔墨纸砚','适合深度体验文房四宝的材料工艺。',98),(12,4,'歙砚制作技艺','宋代','安徽','黄山','传统手工艺','文房四宝','笔墨纸砚','适合体验砚石选材与雕刻工艺。',97),(13,4,'徽墨制作技艺','宋代','安徽','黄山','传统手工艺','文房四宝','笔墨纸砚','适合串联笔墨纸砚主题路线。',94),(14,5,'糖画','清代','四川','成都','传统手工艺','春节,庙会','爆竹声中一岁除','适合亲子与节庆街区体验。',83),(15,5,'川剧变脸','清代','四川','成都','传统戏曲','巴蜀戏曲','','适合夜间剧场和互动表演路线。',88),(16,5,'蜀绣','宋代','四川','成都','传统手工艺','少数民族,蜀地工艺','','适合体验细腻针法与色彩层次。',87),(17,5,'青神竹编','唐代','四川','眉山','传统手工艺','自然材料,匠作','','适合安排手作课程与山水线路结合。',84),(18,6,'唐墓壁画临摹技艺','唐代','陕西','西安','传统美术','盛唐美术','','适合沉浸体验盛唐壁画线描与设色。',92),(19,6,'碑刻传拓技艺','唐代','陕西','西安','传统美术','金石,文脉','笔墨纸砚','适合文博型游客体验传拓与碑刻艺术。',90),(20,6,'长安宫灯彩绘','唐代','陕西','西安','传统美术','春节,中秋,盛唐美术','但愿人长久','适合节庆主题路线和唐风灯彩体验。',89),(21,7,'苗绣','清代','贵州','黔东南','传统手工艺','少数民族,节庆','','适合少数民族主题深度路线。',95),(22,7,'苗族银饰锻制技艺','清代','贵州','黔东南','传统手工艺','少数民族,节庆','','适合与节庆服饰文化一起体验。',93),(23,8,'壮锦织造技艺','清代','广西','南宁','传统手工艺','少数民族,节庆','','适合壮乡主题路线和织机体验。',94),(24,8,'铜鼓习俗','清代','广西','河池','传统民俗','少数民族,端午,清明','节分端午自谁言','适合民俗节庆和少数民族主题串联。',88),(25,9,'杨柳青年画','清代','天津','天津','传统美术','春节,年画','爆竹声中一岁除','适合春节主题路线和民艺版画体验。',96),(26,9,'泥人张彩塑','清代','天津','天津','传统美术','春节,庙会','','适合春节场景和彩塑手作。',92),(27,10,'潍坊风筝','宋代','山东','潍坊','传统手工艺','清明,春游','清明时节雨纷纷','适合清明踏青路线和风筝扎制体验。',89),(28,10,'山东剪纸','清代','山东','潍坊','传统手工艺','春节,窗花','爆竹声中一岁除','适合节庆装饰与手工体验。',90),(29,11,'唐三彩','唐代','河南','洛阳','传统手工艺','大唐器物','','适合古都审美与陶艺体验。',94),(30,12,'龙泉青瓷烧制技艺','宋代','浙江','丽水','传统手工艺','宋韵器物,中秋','但愿人长久','适合器物审美和青瓷烧制体验。',97),(31,12,'王星记制扇技艺','明代','浙江','杭州','传统手工艺','文房四宝,江南雅事','笔墨纸砚','适合文人器物主题路线。',91),(32,13,'广绣','清代','广东','广州','传统手工艺','岭南工艺','','适合岭南题材刺绣与商都漫游。',90),(33,13,'潮州木雕','明代','广东','潮州','传统手工艺','庙宇装饰,岭南工艺','','适合工艺细作和古城漫游结合。',92),(34,13,'端砚制作技艺','宋代','广东','肇庆','传统手工艺','文房四宝','笔墨纸砚','适合文房四宝主题深度体验。',96),(35,3,'宋锦织造技艺','宋代','江苏','苏州','传统手工艺','宋韵织造,中秋','但愿人长久','适合宋代织造美学路线。',93),(36,1,'京绣','清代','北京','北京','传统手工艺','春节,京味','爆竹声中一岁除','适合春节场景下体验京派刺绣纹样。',88),(37,1,'兔儿爷彩塑','清代','北京','北京','传统手工艺','春节,庙会','爆竹声中一岁除','适合老北京节庆民艺路线。',87),(38,1,'京作剪纸','清代','北京','北京','传统手工艺','春节,窗花','爆竹声中一岁除','适合春节窗花和彩纸手作体验。',86),(39,1,'毛猴制作技艺','清代','北京','北京','传统手工艺','春节,庙会','','适合串联京味民俗和手工体验。',84),(40,1,'冰糖葫芦制作技艺','清代','北京','北京','传统手工艺','春节,市集','','适合春节市集与街区体验。',83),(41,2,'苏扇制作技艺','宋代','江苏','苏州','传统手工艺','文房四宝,江南雅事','笔墨纸砚','适合文人器物与手工体验路线。',90),(42,2,'缂丝织造技艺','宋代','江苏','苏州','传统手工艺','中秋,宋韵织造','但愿人长久','适合高阶织造工艺体验。',92),(43,9,'绒花制作技艺','清代','天津','天津','传统手工艺','春节,喜庆','爆竹声中一岁除','适合春节头饰和节庆花艺体验。',91),(44,10,'潍坊花灯制作技艺','清代','山东','潍坊','传统手工艺','春节,灯会','爆竹声中一岁除','适合春节夜游和彩灯制作体验。',89),(45,10,'鲁绣','清代','山东','济南','传统手工艺','春节,吉祥纹样','','适合齐鲁针法与节庆纹样体验。',88),(46,13,'龙舟习俗','宋代','广东','佛山','传统民俗','端午,岭南民俗','节分端午自谁言','适合端午主题民俗路线。',93),(47,3,'寒食清明踏青习俗','宋代','江苏','南京','传统民俗','清明,踏青','清明时节雨纷纷','适合清明踏青和春日出游路线。',90),(48,4,'香包佩饰习俗','清代','安徽','黄山','传统民俗','端午,民俗','节分端午自谁言','适合端午主题的民俗体验。',87);
/*!40000 ALTER TABLE `rag_heritage_items` ENABLE KEYS */;
UNLOCK TABLES;

--
-- Dumping data for table `rag_merchants`
--

LOCK TABLES `rag_merchants` WRITE;
/*!40000 ALTER TABLE `rag_merchants` DISABLE KEYS */;
INSERT INTO `rag_merchants` VALUES (1,'京华非遗工坊','北京','北京','北京市东城区非遗体验街 1 号','聚焦京味非遗体验与讲解'),(2,'苏作匠心馆','江苏','苏州','苏州市姑苏区平江路 18 号','以江南手工艺体验为主'),(3,'金陵雅集馆','江苏','南京','南京市秦淮区夫子庙 66 号','结合传统工艺和节庆活动'),(4,'徽州四宝社','安徽','黄山','黄山市歙县古城巷 9 号','文房四宝主题体验空间'),(5,'蜀风非遗坊','四川','成都','成都市锦江区非遗里 25 号','四川传统技艺和戏曲体验'),(6,'长安艺脉馆','陕西','西安','西安市碑林区长安艺坊 8 号','唐风美术主题路线运营'),(7,'苗岭锦绣社','贵州','黔东南','黔东南州凯里市苗绣街 12 号','少数民族非遗深度体验'),(8,'壮乡锦艺阁','广西','南宁','南宁市青秀区壮锦路 16 号','壮族织锦与铜鼓民俗体验'),(9,'津门年艺馆','天津','天津','天津市西青区年画大道 20 号','天津春节美术类非遗体验'),(10,'齐鲁巧艺坊','山东','潍坊','潍坊市奎文区民艺街 88 号','鲁派手工艺和节令体验'),(11,'中原唐艺馆','河南','洛阳','洛阳市老城区唐艺巷 6 号','唐风陶艺和古都体验'),(12,'越地青瓷社','浙江','丽水','丽水市龙泉市青瓷路 3 号','宋韵器物与生活美学'),(13,'岭南绣作馆','广东','广州','广州市荔湾区绣坊街 5 号','岭南传统手工艺体验');
/*!40000 ALTER TABLE `rag_merchants` ENABLE KEYS */;
UNLOCK TABLES;

--
-- Dumping data for table `reserve_status_logs`
--

LOCK TABLES `reserve_status_logs` WRITE;
/*!40000 ALTER TABLE `reserve_status_logs` DISABLE KEYS */;
INSERT INTO `reserve_status_logs` VALUES (1,1,NULL,'registered',10000,'user','User created booking','2026-03-31 07:48:37'),(2,1,'registered','checked_in',10011,'merchant','Merchant checked in booking','2026-03-31 08:07:19'),(3,2,NULL,'registered',10000,'user','User created booking','2026-03-31 10:10:10'),(4,2,'registered','checked_in',10011,'merchant','Merchant checked in booking','2026-03-31 10:11:44'),(5,3,NULL,'registered',10000,'user','User created booking','2026-03-31 10:46:03'),(6,4,NULL,'registered',10000,'user','User created booking','2026-03-31 11:38:01'),(7,4,'registered','cancelled',10000,'user','User cancelled booking','2026-03-31 13:49:20'),(8,5,NULL,'registered',10000,'user','User created booking','2026-03-31 13:50:50'),(9,6,NULL,'registered',10000,'user','User created booking','2026-03-31 13:55:38'),(10,6,'registered','cancelled',10000,'user','User cancelled booking','2026-03-31 14:05:44'),(11,7,NULL,'registered',10000,'user','User created booking','2026-03-31 14:06:06'),(12,7,'registered','cancelled',10000,'user','User cancelled booking','2026-03-31 14:09:31'),(13,8,NULL,'registered',10000,'user','User created booking','2026-03-31 14:16:19'),(14,8,'registered','cancelled',10000,'user','User cancelled booking','2026-03-31 14:31:33'),(15,5,'registered','cancelled',10000,'user','User cancelled booking','2026-03-31 14:32:01'),(16,9,NULL,'registered',10000,'user','User created booking','2026-03-31 14:32:25'),(17,9,'registered','registered',10011,'merchant','Merchant refunded booking and kept it active','2026-03-31 14:34:54'),(18,10,NULL,'registered',10000,'user','User created booking','2026-03-31 14:36:36'),(19,10,'registered','cancelled',10000,'user','User cancelled booking','2026-03-31 14:37:32'),(20,11,NULL,'registered',10000,'user','User created booking','2026-03-31 15:27:57'),(21,12,NULL,'registered',10000,'user','User created booking','2026-03-31 15:30:22'),(22,12,'registered','checked_in',10011,'merchant','Merchant checked in booking','2026-03-31 15:32:13'),(23,13,NULL,'registered',10000,'user','User created booking','2026-04-03 20:51:53'),(24,13,'registered','cancelled',10000,'user','User cancelled booking','2026-04-03 20:55:17'),(25,14,NULL,'registered',10000,'user','User created booking','2026-04-03 20:56:02'),(26,14,'registered','checked_in',10011,'merchant','Merchant checked in booking','2026-04-03 21:33:10'),(27,15,NULL,'registered',10000,'user','User created booking','2026-04-03 22:13:08');
/*!40000 ALTER TABLE `reserve_status_logs` ENABLE KEYS */;
UNLOCK TABLES;

--
-- Dumping data for table `roles`
--

LOCK TABLES `roles` WRITE;
/*!40000 ALTER TABLE `roles` DISABLE KEYS */;
INSERT INTO `roles` VALUES (1,'user','普通用户'),(2,'merchant','商家'),(3,'admin','管理员');
/*!40000 ALTER TABLE `roles` ENABLE KEYS */;
UNLOCK TABLES;

--
-- Dumping data for table `route_plans`
--

LOCK TABLES `route_plans` WRITE;
/*!40000 ALTER TABLE `route_plans` DISABLE KEYS */;
INSERT INTO `route_plans` VALUES (6,10011,'推荐适合家庭参与的周末非遗活动，简单易上手。',7,2,'已为你生成一条2天的非遗体验路线，重点围绕手作体验、文化漫游展开。优先安排了更贴合你需求的活动体验。','[{\"day\": 1, \"theme\": \"体验路线第 1 天\", \"activities\": [{\"name\": \"潮州木雕刻花课\", \"tags\": [\"手作体验\", \"ongoing\"], \"time\": \"10:00\", \"type\": \"activity\", \"details\": [{\"label\": \"省份\", \"value\": \"广东\"}, {\"label\": \"城市\", \"value\": \"广州\"}, {\"label\": \"费用\", \"value\": \"免费\"}, {\"label\": \"时间\", \"value\": \"2026-03-28 09:52\"}], \"business\": {\"name\": \"岭南绣作馆\", \"phone\": \"13800000013\", \"address\": \"潮州市木雕工坊\"}, \"typeHint\": \"这是路线推荐体验活动。\", \"typeLabel\": \"活动\", \"description\": \"暂无详细介绍\"}, {\"name\": \"竹编手作半日课\", \"tags\": [\"手作体验\", \"ongoing\"], \"time\": \"14:00\", \"type\": \"activity\", \"details\": [{\"label\": \"省份\", \"value\": \"四川\"}, {\"label\": \"城市\", \"value\": \"成都\"}, {\"label\": \"费用\", \"value\": \"免费\"}, {\"label\": \"时间\", \"value\": \"2026-03-28 09:52\"}], \"business\": {\"name\": \"蜀风非遗坊\", \"phone\": \"13800000005\", \"address\": \"眉山市青神竹编基地\"}, \"typeHint\": \"这是路线推荐体验活动。\", \"typeLabel\": \"活动\", \"description\": \"暂无详细介绍\"}]}, {\"day\": 2, \"theme\": \"体验路线第 2 天\", \"activities\": [{\"name\": \"京作剪纸窗花体验\", \"tags\": [\"手作体验\", \"ongoing\"], \"time\": \"10:00\", \"type\": \"activity\", \"details\": [{\"label\": \"省份\", \"value\": \"北京\"}, {\"label\": \"城市\", \"value\": \"北京\"}, {\"label\": \"费用\", \"value\": \"免费\"}, {\"label\": \"时间\", \"value\": \"2026-03-28 09:52\"}], \"business\": {\"name\": \"京华非遗工坊\", \"phone\": \"13800000001\", \"address\": \"北京市东城区剪纸工坊\"}, \"typeHint\": \"这是路线推荐体验活动。\", \"typeLabel\": \"活动\", \"description\": \"暂无详细介绍\"}, {\"name\": \"鲁派剪纸窗花工坊\", \"tags\": [\"手作体验\", \"ongoing\"], \"time\": \"14:00\", \"type\": \"activity\", \"details\": [{\"label\": \"省份\", \"value\": \"山东\"}, {\"label\": \"城市\", \"value\": \"潍坊\"}, {\"label\": \"费用\", \"value\": \"免费\"}, {\"label\": \"时间\", \"value\": \"2026-03-28 09:52\"}], \"business\": {\"name\": \"齐鲁巧艺坊\", \"phone\": \"13800000010\", \"address\": \"潍坊民艺中心\"}, \"typeHint\": \"这是路线推荐体验活动。\", \"typeLabel\": \"活动\", \"description\": \"暂无详细介绍\"}]}]',NULL,'[{\"title\": \"潮州木雕\", \"region\": \"广东\", \"summary\": \"适合工艺细作和古城漫游结合。\", \"category\": \"传统手工艺\", \"relatedType\": \"Related introduction\"}, {\"title\": \"京作剪纸\", \"region\": \"北京市\", \"summary\": \"京作剪纸，又称京派剪纸，是剪纸艺术中极具地域辨识度的流派，扎根北京这片兼具皇家气度与市井烟火的土地，历经千年沉淀，融合宫廷雅致与民间质朴，形成了独有的艺术风骨。它是流淌在老北京胡同里、镌刻在百姓生活中的文化基因。\", \"category\": \"传统手工艺\", \"relatedType\": \"Related introduction\"}, {\"title\": \"青神竹编\", \"region\": \"四川\", \"summary\": \"适合安排手作课程与山水线路结合。\", \"category\": \"传统手工艺\", \"relatedType\": \"Related introduction\"}]','{\"days\": 2, \"query\": \"推荐适合家庭参与的周末非遗活动，简单易上手。\", \"activities\": [{\"id\": 49, \"date\": \"2026-03-28 09:52\", \"title\": \"潮州木雕刻花课\", \"location\": \"广东 · 广州 · 潮州市木雕工坊\", \"description\": \"暂无详细介绍\"}, {\"id\": 11, \"date\": \"2026-03-28 09:52\", \"title\": \"京作剪纸窗花体验\", \"location\": \"北京 · 北京市东城区剪纸工坊\", \"description\": \"暂无详细介绍\"}, {\"id\": 30, \"date\": \"2026-03-28 09:52\", \"title\": \"竹编手作半日课\", \"location\": \"四川 · 成都 · 眉山市青神竹编基地\", \"description\": \"暂无详细介绍\"}, {\"id\": 42, \"date\": \"2026-03-28 09:52\", \"title\": \"鲁派剪纸窗花工坊\", \"location\": \"山东 · 潍坊 · 潍坊民艺中心\", \"description\": \"暂无详细介绍\"}], \"destination\": \"全国\", \"preferences\": [\"手作体验\", \"文化漫游\"], \"officialHighlights\": [{\"title\": \"潮州木雕\", \"region\": \"广东\", \"summary\": \"适合工艺细作和古城漫游结合。\", \"category\": \"传统手工艺\", \"relatedType\": \"Related introduction\"}, {\"title\": \"京作剪纸\", \"region\": \"北京市\", \"summary\": \"京作剪纸，又称京派剪纸，是剪纸艺术中极具地域辨识度的流派，扎根北京这片兼具皇家气度与市井烟火的土地，历经千年沉淀，融合宫廷雅致与民间质朴，形成了独有的艺术风骨。它是流淌在老北京胡同里、镌刻在百姓生活中的文化基因。\", \"category\": \"传统手工艺\", \"relatedType\": \"Related introduction\"}, {\"title\": \"青神竹编\", \"region\": \"四川\", \"summary\": \"适合安排手作课程与山水线路结合。\", \"category\": \"传统手工艺\", \"relatedType\": \"Related introduction\"}], \"recommendedBusinesses\": []}','2026-04-03 18:17:14','2026-04-03 18:17:14');
/*!40000 ALTER TABLE `route_plans` ENABLE KEYS */;
UNLOCK TABLES;

--
-- Dumping data for table `travel_post_collections`
--

LOCK TABLES `travel_post_collections` WRITE;
/*!40000 ALTER TABLE `travel_post_collections` DISABLE KEYS */;
INSERT INTO `travel_post_collections` VALUES (1,9,10000,'2026-03-31 03:49:52');
/*!40000 ALTER TABLE `travel_post_collections` ENABLE KEYS */;
UNLOCK TABLES;

--
-- Dumping data for table `travel_post_comment_likes`
--

LOCK TABLES `travel_post_comment_likes` WRITE;
/*!40000 ALTER TABLE `travel_post_comment_likes` DISABLE KEYS */;
/*!40000 ALTER TABLE `travel_post_comment_likes` ENABLE KEYS */;
UNLOCK TABLES;

--
-- Dumping data for table `travel_post_comments`
--

LOCK TABLES `travel_post_comments` WRITE;
/*!40000 ALTER TABLE `travel_post_comments` DISABLE KEYS */;
INSERT INTO `travel_post_comments` VALUES (1,9,10011,NULL,NULL,'你好',0,'2026-03-30 17:11:20','zh'),(2,12,10011,NULL,NULL,'真的好美啊',0,'2026-03-30 18:19:55','zh');
/*!40000 ALTER TABLE `travel_post_comments` ENABLE KEYS */;
UNLOCK TABLES;

--
-- Dumping data for table `travel_post_history`
--

LOCK TABLES `travel_post_history` WRITE;
/*!40000 ALTER TABLE `travel_post_history` DISABLE KEYS */;
INSERT INTO `travel_post_history` VALUES (1,6,10011,4,'2026-04-03 14:16:15'),(2,7,10011,4,'2026-04-03 01:18:38'),(3,6,10000,1,'2026-03-29 13:35:47'),(4,2,10000,1,'2026-03-29 13:46:37'),(5,2,10047,2,'2026-03-30 14:48:35'),(6,9,10047,12,'2026-03-30 22:12:37'),(7,8,10047,1,'2026-03-29 14:11:31'),(8,7,10000,2,'2026-03-31 15:49:40'),(9,8,10000,2,'2026-03-29 14:42:27'),(10,8,10011,1,'2026-03-29 14:42:52'),(11,11,10047,2,'2026-03-29 15:46:24'),(12,6,10047,2,'2026-03-30 22:11:51'),(13,5,10047,2,'2026-03-30 15:00:00'),(14,4,10047,1,'2026-03-30 15:04:30'),(15,5,10011,3,'2026-03-30 17:10:40'),(16,2,10011,4,'2026-03-30 17:10:36'),(17,12,10011,6,'2026-04-03 00:10:51'),(18,9,10011,7,'2026-03-31 15:24:16'),(19,3,10011,2,'2026-04-03 17:14:58'),(20,7,10047,2,'2026-03-30 22:11:43'),(21,9,10000,2,'2026-03-31 04:10:09'),(22,4,10000,2,'2026-04-03 01:35:47'),(23,12,10000,1,'2026-03-31 15:26:28'),(24,4,10011,4,'2026-04-03 13:14:15');
/*!40000 ALTER TABLE `travel_post_history` ENABLE KEYS */;
UNLOCK TABLES;

--
-- Dumping data for table `travel_posts`
--

LOCK TABLES `travel_posts` WRITE;
/*!40000 ALTER TABLE `travel_posts` DISABLE KEYS */;
INSERT INTO `travel_posts` VALUES (1,10011,'qwe','asd','服饰妆造','passed',NULL,'[\"https://travelate.oss-cn-wuhan-lr.aliyuncs.com/yayfolk/posts/1/1.jpg\"]','[\"服饰妆造\"]','public',0,0,0,'2026-03-28 18:46:03','2026-03-28 18:47:01',0,0,'en'),(2,10011,'福建游神——中式信仰美学','曾以为神明住在云端\n直到走入福建的旧街巷\n迎上这场盛大的流动——\n原来最深的信仰\n就落在人间烟火里\n-\n当鼓点从青石板路深处传来\n神将巍峨的身姿转过巷角\n华服璀璨，眉目庄严\n却又带着一丝“人间气”——\n会接过孩童手中的糖果\n会为长者的祈福微微颔首\n那一刻突然懂得：\n所谓信仰\n不是高高在上的仰望\n而是人与神之间\n这份无声却厚重的连接\n-\n福州游神主要集中在长乐区，从正月初一开始到二月中，几乎每天都有，我追的这场是规模zui大的厚福游神：\n📍福州市长乐区潭头镇厚福乡\n📆正月初十、正月二十六\n⏰08:00-次日凌晨','民俗节气','passed',NULL,'[\"https://travelate.oss-cn-wuhan-lr.aliyuncs.com/yayfolk/posts/2/1.jpg\",\"https://travelate.oss-cn-wuhan-lr.aliyuncs.com/yayfolk/posts/2/2.jpg\",\"https://travelate.oss-cn-wuhan-lr.aliyuncs.com/yayfolk/posts/2/3.jpg\"]','[\"民俗节气\",\"非遗追年地图\",\"旅行中的非遗体验\",\"游神\",\"福建游神\",\"民俗\",\"新年\",\"春节\"]','public',1,7,0,'2026-03-28 19:49:45','2026-03-30 17:10:36',0,0,'zh'),(3,10011,'老祖宗肩上的“时尚单品” 火了上千年','一抹云霞落肩头，流转千年仍惊艳！\n云肩是中华民族服饰文化中历史悠久且独特的服饰瑰宝，既是古人“天人合一”的智慧凝结，更是东方美学的精神传承！\n云肩之美，在其极致工艺！\n✅ 形制考究：四合如意、柳叶式、八方云纹…每一片云肩的剪裁都暗含深意。四合如意象征“四方祥和”，柳叶式放射状纹样寓意“生命长青”，而八片垂云则对应传统节庆的平安祈愿 。\n✅ 纹样密码：石榴葡萄喻多子，蝙蝠葫芦兆福禄…云肩的刺绣每一针都承载着古人对生活的美好期许。\n✅ 工艺巅峰：立体剪裁贴合女子肩颈曲线，云肩针法竟有滚针、盘金等诸多针法，绣娘以线为笔，将四季花鸟、祥云瑞兽化作肩头画卷。\n传承与创新：让云肩走进日常\n如今，云肩不再只是博物馆的展品：中式婚纱、马面裙+云肩、毕业季学士服+云肩、巴黎奥运会体操服装等，现代日常服饰不断融入云肩这一传统元素，诠释出更多新中式可能。（图1-10源于大英博物馆；图11-17源于郑州博物馆）\n\n老祖宗肩上的“时尚单品” 火了上千年\n\n中国传统工艺振兴服务平台\n2025-04-21\n3292\n\n🪡八位掌灯人｜穿越千年女性非遗技艺图鉴\n\n元气小葫要早睡💤\n2025-12-17\n1198\n\n《探索100种东方美学》——㉙云肩\n\n言小柒MiaoMiao\n2025-07-15\n1840\n\n\n原味栗子（接稿版）\n2025-12-30\n1581\n\n时尚中国，非遗的fashion之路㈧\n\nShine耀\n2024-12-23\n7.9万\n\n一眼心动！藏在肩上的东方绝美“天空”✨\n\n云山有趣的非遗\n2025-12-06\n2.5万\n大家都在搜\n\n非遗文化服装\n\n中国十大非遗\n\n非遗服饰有哪些\n\n非遗拟人化绘画\n\nTHE SEA LIFE×傣锦：将热带生态景象织在身上\n\n非遗Plus\n2025-07-31\n547\n\n「锦序东方」服装效果图分享\n\n钰榕设计（约稿中）\n01-28\n199\n\n聆听传统美学｜非遗醒狮\n\n你说天空很美丽\n01-14\n233\n\n这不是国外大牌高定！\n\n毛豆\n2025-12-12\n3.6万\n\n一刀一剪一世界——带你领略非遗的魅力(02)\n\nAIGC杨太医\n2025-08-01\n703\n\n服设系列—非遗\n\n张小花花老师\n2025-03-24\n1057\n\n非遗服饰服装分层设计图\n\n漓月\n2025-12-12\n14\n\n🔥中国国际时装周｜非遗服饰文化惊艳秀场\n\n遗韵云游\n2025-12-09\n144\n\n把非遗绒花穿身上，那该有多美？\n\n宁心如\n02-13\n11.4万\n大家都在搜\n\n中国传统非遗服装\n\n非遗人物绘画素材\n\n非遗服饰图片\n\n非遗文化主题衣服\n\n广艺/毕业设计/把非遗穿身上\n\n一只小馒头\n2025-04-11\n2106\n发现\n直播\n发布\n通知\n我\n×\n拖拽到此处\n图片将完成下载\n由Fitkun图片批量下载提供\n\n中国传统工艺振兴服务平台\n关注\n\n\n\n\n\n\n\n\n\n\n\n\n\n\n\n\n\n\n\n1/17\n老祖宗肩上的“时尚单品” 火了上千年\n一抹云霞落肩头，流转千年仍惊艳！\n云肩是中华民族服饰文化中历史悠久且独特的服饰瑰宝，既是古人“天人合一”的智慧凝结，更是东方美学的精神传承！\n云肩之美，在其极致工艺！\n✅ 形制考究：四合如意、柳叶式、八方云纹…每一片云肩的剪裁都暗含深意。四合如意象征“四方祥和”，柳叶式放射状纹样寓意“生命长青”，而八片垂云则对应传统节庆的平安祈愿 。\n✅ 纹样密码：石榴葡萄喻多子，蝙蝠葫芦兆福禄…云肩的刺绣每一针都承载着古人对生活的美好期许。\n✅ 工艺巅峰：立体剪裁贴合女子肩颈曲线，云肩针法竟有滚针、盘金等诸多针法，绣娘以线为笔，将四季花鸟、祥云瑞兽化作肩头画卷。\n传承与创新：让云肩走进日常\n如今，云肩不再只是博物馆的展品：中式婚纱、马面裙+云肩、毕业季学士服+云肩、巴黎奥运会体操服装等，现代日常服饰不断融入云肩这一传统元素，诠释出更多新中式可能。\n\n你喜欢什么样的云肩造型呢？评论区留言~','服饰妆造','passed',NULL,'[\"https://travelate.oss-cn-wuhan-lr.aliyuncs.com/yayfolk/posts/3/1.jpg\",\"https://travelate.oss-cn-wuhan-lr.aliyuncs.com/yayfolk/posts/3/2.jpg\",\"https://travelate.oss-cn-wuhan-lr.aliyuncs.com/yayfolk/posts/3/3.jpg\",\"https://travelate.oss-cn-wuhan-lr.aliyuncs.com/yayfolk/posts/3/4.jpg\",\"https://travelate.oss-cn-wuhan-lr.aliyuncs.com/yayfolk/posts/3/5.jpg\",\"https://travelate.oss-cn-wuhan-lr.aliyuncs.com/yayfolk/posts/3/6.jpg\"]','[\"服饰妆造\",\"非遗\",\"东方美学\",\"云肩\",\"大英博物馆\",\"郑州博物馆\",\"传统服饰\"]','public',1,2,0,'2026-03-28 19:53:18','2026-04-03 17:14:59',0,0,'zh'),(4,10011,'唐三彩','釉色承千年，匠心照古今——洛阳唐三彩的非遗传承与时代新生\n在中华文明的璀璨星河中，洛阳唐三彩是一颗独特的星辰。它诞生于盛唐的沃土，以绚烂釉色、恢弘气势，成为那个时代的文化图腾；它历经千年岁月洗礼，在传承与创新的交织中，依然焕发着蓬勃生机，成为连接古今的文化桥梁。\n缘起盛唐：时代风骨孕育的艺术瑰宝\n唐三彩的诞生，是历史的必然。盛唐时期，洛阳作为十三朝古都，既是政治经济中心，也是丝绸之路的东方枢纽。东西方文化在此碰撞交融，为艺术创作注入了多元灵感\n工匠们以细腻的高岭土为胎，以金属氧化物为着色剂，经“制胎—施釉—烧制”三道核心工序，在窑火中完成一场“色彩的魔术”。不同于传统陶瓷的单一釉色，唐三彩的釉料在高温下自由流淌，红如丹砂、绿似翡翠、黄若蜜蜡，交融处形成的“流釉”效果，如云雾缭绕、如霞光漫卷，尽显盛唐的豪迈与浪漫。\n从皇室贵族的陪葬重器，到文人雅士的赏玩之物，唐三彩的题材无一不展现着盛唐的社会风貌与精神气度。它不仅是陶瓷艺术的巅峰，更是大唐盛世的“立体史书”。\n守正创新：非遗传承人的“破局”之路\n时光流转，盛唐落幕，但唐三彩的窑火并未熄灭。然而，在现代工业的冲击下，这门古老技艺曾一度面临“无人传承、无人问津”的困境。直到一批非遗传承人的出现，用“守正”筑牢根基，用“创新”开拓未来。\n“守正”是对古法工艺的敬畏。传承人李松茂坚守“手工制胎、手工施釉、柴窑烧制”的传统，每一件作品都要经过数十道工序，从陶土筛选到釉料调配，从入窑温度到烧制时间，都严格遵循古法。“柴窑的火性是电窑替代不了的，只有这样，才能烧出唐三彩独有的温润质感。”李松茂的话，道出了匠人的坚守。\n“创新”是与时代的对话。年轻传承人将唐三彩的经典元素与现代审美结合，推出了一系列文创产品：将三彩马做成小巧玲珑的车载摆件，把釉色纹样印在笔记本上甚至开发出“唐三彩DIY体验套装”，让消费者亲手感受施釉的乐趣。\n文化出海：千年釉色讲述中国故事\n如今，洛阳唐三彩已不再是中国的“文化瑰宝”，更成为世界了解中国的“文化名片”。在海外展出时，唐三彩马的矫健、乐伎俑的灵动，让外国观众惊艳于中国古代艺术的魅力；非遗传承人带着技艺走出国门，让世界看见中国匠心。\n从盛唐的窑火到如今的国际舞台，从博物馆的陈列品到日常的文创产品，洛阳唐三彩的传承之路是中国非遗文化发展的缩影。它用绚烂的釉色，诉说着中华文明的博大精深；用不变的匠心，诠释着文化传承的力量。','美术造物','passed',NULL,'[\"https://travelate.oss-cn-wuhan-lr.aliyuncs.com/yayfolk/posts/4/1.jpg\",\"https://travelate.oss-cn-wuhan-lr.aliyuncs.com/yayfolk/posts/4/2.jpg\",\"https://travelate.oss-cn-wuhan-lr.aliyuncs.com/yayfolk/posts/4/3.jpg\",\"https://travelate.oss-cn-wuhan-lr.aliyuncs.com/yayfolk/posts/4/4.jpg\"]','[\"美术造物\"]','public',1,10,0,'2026-03-28 19:58:05','2026-04-03 13:14:15',0,0,'zh'),(5,10011,'傩戏|中国硬核非遗','傩戏起源于商周时期的驱傩仪式，最初是古人通过歌舞祭祀驱鬼逐疫、祈福纳吉的宗教活动。汉代后逐渐融入娱人成分，宋代受民间歌舞影响发展为傩戏，元代至明清时期与地方戏曲融合，形成多样化流派。其历史可追溯至先秦的巫歌傩舞，被誉为“中国戏剧活化石”。\n	\n表演形式\n面具文化：演员佩戴木质或丝质面具（称“脸子”），造型夸张狰狞，直观区分角色性格，如贵州德江傩戏的面具多达上百种。\n宗教仪式融合：演出分“开坛”“开洞”“闭坛”三阶段，与祭祀活动一体，如湖北恩施傩戏需杀鸡请神、烧纸祭祖。\n傩技绝活：包含喷火、上刀梯、过火海等惊险技艺，体现原始巫术色彩。\n	\n音乐与剧目\n音乐以打击乐为主（锣、鼓、钹），辅以山歌、佛道乐曲，唱腔粗犷，多采用一唱众和形式。\n	\n剧目分三类：\n正戏：如《仙姑送子》《发五猖》，宗教色彩浓厚；\n傩堂小戏：如《采香》《陈州放粮》，娱乐性强；\n外台戏：吸收民间故事的《孟姜女》《三国演义》等。\n	\n傩戏主要分布于西南及长江流域，因地域文化差异形成多种流派：\n1.恩施傩戏（湖北）：分“傩愿戏”与“坛傩”，前者融入花鼓戏技巧，后者保留明代祭祖仪式，面具制作工艺独特。\n2.池州傩戏（安徽）：以宗族为单位演出，每年春秋两祭，保留《刘文龙》等古剧目，被誉为“无傩不成村”。\n3.侗族傩戏“咚咚推”（湖南）：舞蹈以“三角形”步伐模拟耕牛动作，剧目融合侗族生活与三国故事。\n4.德江傩堂戏（贵州）：被称为“中国戏剧活化石”，完整保留汉代傩仪传统，表演包含复杂法事。\n5.武安傩戏（河北）：具宋代宫廷傩遗风，角色“掌竹”为宋金杂剧引戏人遗存。','戏曲演绎','passed',NULL,'[\"https://travelate.oss-cn-wuhan-lr.aliyuncs.com/yayfolk/posts/5/1.jpg\",\"https://travelate.oss-cn-wuhan-lr.aliyuncs.com/yayfolk/posts/5/2.jpg\",\"https://travelate.oss-cn-wuhan-lr.aliyuncs.com/yayfolk/posts/5/3.jpg\",\"https://travelate.oss-cn-wuhan-lr.aliyuncs.com/yayfolk/posts/5/4.jpg\",\"https://travelate.oss-cn-wuhan-lr.aliyuncs.com/yayfolk/posts/5/5.jpg\",\"https://travelate.oss-cn-wuhan-lr.aliyuncs.com/yayfolk/posts/5/6.jpg\",\"https://travelate.oss-cn-wuhan-lr.aliyuncs.com/yayfolk/posts/5/7.jpg\",\"https://travelate.oss-cn-wuhan-lr.aliyuncs.com/yayfolk/posts/5/8.jpg\"]','[\"非遗\",\"傩戏\",\"非物质文化遗产\",\"非遗传承\",\"传统文化\",\"恩施傩戏\",\"池州傩戏\",\"戏曲演绎\",\"美术造物\"]','public',1,5,0,'2026-03-28 20:01:41','2026-03-30 17:10:40',0,0,'zh'),(6,10011,'以针为笔，以丝为墨，绣出江南的呼吸','苏绣，源于江苏苏州一带，以其独特的艺术魅力和精湛技艺位居“四大名绣”之首，素有“精、细、雅、洁”之称，并于2006年入选国家级非物质文化遗产。\n艺术特色：\n苏绣的灵魂在于“平、齐、细、密、匀、顺、和、光”八字。其最显著的特点是 “精微雅致” 。绣工们常将一根头发丝般粗细的丝线劈成更细的1/16甚至1/32来进行创作，使作品达到“不见针线痕迹，只觉画面生动”的境界。\n代表技艺：\n双面绣是苏绣皇冠上的明珠。绣娘们在同一块底料上，一次施针，正反两面却呈现出构图完整、针法相同而画面可能不同的完美图案，令人拍案叫绝。代表作《猫》更是将这一技艺发挥到极致，丝线天然的光泽将小猫蓬松的毛发、灵动的眼神表现得栩栩如生。\n文化内涵：\n苏绣深受吴地文化的熏陶，作品题材多取自江南文人画，充满诗情画意。它不仅是技艺的展现，更是江南水乡温婉、灵动、典雅气质的集中体现，是流动在指尖上的姑苏风情。','织物手工','passed',NULL,'[\"https://travelate.oss-cn-wuhan-lr.aliyuncs.com/yayfolk/posts/6/1.jpg\",\"https://travelate.oss-cn-wuhan-lr.aliyuncs.com/yayfolk/posts/6/2.jpg\",\"https://travelate.oss-cn-wuhan-lr.aliyuncs.com/yayfolk/posts/6/3.jpg\",\"https://travelate.oss-cn-wuhan-lr.aliyuncs.com/yayfolk/posts/6/4.jpg\",\"https://travelate.oss-cn-wuhan-lr.aliyuncs.com/yayfolk/posts/6/5.jpg\"]','[\"织物手工\",\"非遗文化\",\"苏绣\",\"刺绣\"]','public',1,9,0,'2026-03-28 20:04:27','2026-04-03 14:16:15',0,0,'zh'),(7,10011,'认识一个非物质文化遗产——苗绣','⭐️起源\n贵州苗绣，一部用针线书写的民族史诗。苗绣起源可回溯到上古时期，与古代濮人的雕题文身有着千丝万缕的联系。彼时，随着濮人后裔南蛮掌握蚕桑技术，雕题文身逐渐演变为“描” ，待骨针、铜针出现，挑花和织花工艺应运而生。战国时期，苗绣正式在苗族服饰上崭露头角。\n元明清时期，因各支系苗民以不同动物为图腾，苗绣纹样风格各异，氏族间的交流又促使苗绣不断融合发展。\n2006年5月20日，贵州苗绣被列为国家级非物质文化遗产，遗产编号为Ⅶ-22。近年来，不断创新，融入现代设计与时尚产业，在国际舞台大放异彩，实现传承与发展的新跨越 。\n⭐️价值\n苗族没有传统意义上的文字，苗绣充当了“史书”角色。绣品中大量的神话传说、英雄故事、迁徙历程等图案，记录着苗族起源、发展轨迹，承载民族记忆与文化基因，像蝴蝶妈妈传说绣样，展现苗族独特创世观。\n此外，苗绣针法极为丰富，有平绣、辫绣、缠绣等几十种，每种针法呈现不同肌理质感 。色彩搭配大胆热烈，多运用红、黄、蓝等对比强烈的原色，形成鲜明视觉冲击，几何纹、动植物纹等图案造型夸张抽象，充满想象力与艺术感染力，具有极高的艺术价值。','织物手工','passed',NULL,'[\"https://travelate.oss-cn-wuhan-lr.aliyuncs.com/yayfolk/posts/7/2.jpg\",\"https://travelate.oss-cn-wuhan-lr.aliyuncs.com/yayfolk/posts/7/5.jpg\",\"https://travelate.oss-cn-wuhan-lr.aliyuncs.com/yayfolk/posts/7/3.jpg\",\"https://travelate.oss-cn-wuhan-lr.aliyuncs.com/yayfolk/posts/7/6.jpg\",\"https://travelate.oss-cn-wuhan-lr.aliyuncs.com/yayfolk/posts/7/4.jpg\",\"https://travelate.oss-cn-wuhan-lr.aliyuncs.com/yayfolk/posts/7/1.jpg\"]','[\"织物手工\",\"苗绣\"]','public',1,8,0,'2026-03-28 22:33:59','2026-04-03 01:18:38',0,0,'zh'),(8,10000,'abc','血色玛丽','服饰妆造','rejected','空','[]','[]','public',1,4,0,'2026-03-29 14:07:51','2026-03-29 14:49:24',0,0,'zh'),(9,10000,'abc','血色玛丽','服饰妆造','passed',NULL,'[\"https://travelate.oss-cn-wuhan-lr.aliyuncs.com/yayfolk/posts/9/1.png\"]','[]','public',1,21,1,'2026-03-29 14:08:24','2026-03-31 15:24:16',0,1,'zh'),(10,10047,'加我wx','wx:874832797','服饰妆造','rejected','Rule blocked: Contains prohibited contact, advertising, or banned keywords','[\"https://travelate.oss-cn-wuhan-lr.aliyuncs.com/yayfolk/posts/10/1.jpg\"]','[]','public',1,0,0,'2026-03-29 14:57:27','2026-03-29 14:57:31',0,0,'en'),(11,10047,'毒品','新样式','服饰妆造','rejected','AI blocked: Text rejected: 不合规 ; 存在暴恐违禁不合规 | []','[\"https://travelate.oss-cn-wuhan-lr.aliyuncs.com/yayfolk/posts/11/1.webp\",\"https://travelate.oss-cn-wuhan-lr.aliyuncs.com/yayfolk/posts/11/2.webp\"]','[]','public',1,2,0,'2026-03-29 15:02:26','2026-03-29 15:46:39',0,0,'zh'),(12,10011,'非遗珍宝｜点翠：千年不褪色的蓝','点翠，一项被誉为“首饰工艺绝唱”的国家级非物质文化遗产，以翠羽为墨，金银为骨，在方寸之间勾勒出千年不褪的华彩。它曾是帝王凤冠上的璀璨星辰，如今虽渐隐于时光，却仍是东方美学中一抹无法复制的幽蓝梦境。\n✨ 精工细作，巧夺天工\n点翠工艺的极致，在于“以羽为画”的匠心。工匠需先将金、银片捶揲成底托，再用金丝焊出图案轮廓，形成“嵌羽之槽”。随后，取翠鸟颈间最莹润的羽绒，以特制胶液轻贴于金属胎底。羽丝细软如尘，却需排列得密不透风，方能在光下流转出湖面波光般的幻彩。最后缀以珍珠、翡翠、珊瑚等宝玉石，方成一件雍容典雅的珍品。正如古籍所载：“虽无宝石炫亮，却自有一种艳丽拙朴之美。”\n👑 千年传承，宫廷绝色\n点翠工艺始于汉代，盛于乾隆。昔日的帝王衮服、皇后凤冠，皆以翠羽为饰，历经岁月仍鲜艳如初。一只翠鸟仅能取零星羽绒，修复一顶明代凤冠竟需十万翠羽，其珍贵可见一斑。这项工艺不仅象征着古代匠人的智慧，更承载着东方饰品对细节的执着——以工艺的精细、含蓄之美，诠释“富丽堂皇”的真正内涵。\n🌿 非遗新生，以今承古\n如今，翠鸟已成保护动物，传统点翠逐渐被孔雀羽、染绸等代用品取代。但这项工艺的生命力并未消逝——现代匠人以创新手法延续着点翠的魂韵，让这份“幽蓝幻彩”在当代首饰中重焕生机。非遗的点翠，不再是羽与金的简单结合，而是对千年美学的敬畏与传承。\n点翠的蓝，是时光浸染的诗意，更是工匠指尖流淌的星河。愿这份“永不褪色”的浪漫，能被更多人看见、铭记。','服饰妆造','passed',NULL,'[\"https://travelate.oss-cn-wuhan-lr.aliyuncs.com/yayfolk/posts/12/1.jpg\",\"https://travelate.oss-cn-wuhan-lr.aliyuncs.com/yayfolk/posts/12/2.jpg\",\"https://travelate.oss-cn-wuhan-lr.aliyuncs.com/yayfolk/posts/12/3.jpg\",\"https://travelate.oss-cn-wuhan-lr.aliyuncs.com/yayfolk/posts/12/4.jpg\",\"https://travelate.oss-cn-wuhan-lr.aliyuncs.com/yayfolk/posts/12/5.jpg\",\"https://travelate.oss-cn-wuhan-lr.aliyuncs.com/yayfolk/posts/12/6.jpg\",\"https://travelate.oss-cn-wuhan-lr.aliyuncs.com/yayfolk/posts/12/7.jpg\"]','[\"点翠\",\"非遗传承\",\"东方美学\",\"传统工艺美学\"]','public',1,7,1,'2026-03-30 15:51:34','2026-04-03 00:10:51',0,0,'zh');
/*!40000 ALTER TABLE `travel_posts` ENABLE KEYS */;
UNLOCK TABLES;

--
-- Dumping data for table `user_follows`
--

LOCK TABLES `user_follows` WRITE;
/*!40000 ALTER TABLE `user_follows` DISABLE KEYS */;
INSERT INTO `user_follows` VALUES (6,10047,10000,'2026-03-30 22:12:38'),(8,10011,10000,'2026-03-31 15:24:18');
/*!40000 ALTER TABLE `user_follows` ENABLE KEYS */;
UNLOCK TABLES;

--
-- Dumping data for table `user_profile_visits`
--

LOCK TABLES `user_profile_visits` WRITE;
/*!40000 ALTER TABLE `user_profile_visits` DISABLE KEYS */;
INSERT INTO `user_profile_visits` VALUES (1,10011,10000,'2026-03-27 13:51:26','2026-03-31 03:50:41'),(2,10011,10020,'2026-03-27 13:51:42','2026-03-27 13:51:42'),(3,10047,10000,'2026-03-30 22:12:05','2026-03-30 22:12:40'),(4,10047,10011,'2026-03-31 03:01:24','2026-03-31 03:01:24'),(5,10000,10011,'2026-03-31 07:48:14','2026-03-31 07:48:14'),(6,10011,10025,'2026-04-03 01:03:31','2026-04-03 01:03:31');
/*!40000 ALTER TABLE `user_profile_visits` ENABLE KEYS */;
UNLOCK TABLES;

--
-- Dumping data for table `user_unban_applications`
--

LOCK TABLES `user_unban_applications` WRITE;
/*!40000 ALTER TABLE `user_unban_applications` DISABLE KEYS */;
INSERT INTO `user_unban_applications` VALUES (1,10007,'测试成功','approved',10047,'','2026-03-29 18:19:42','2026-03-29 18:20:23','2026-03-29 18:20:25');
/*!40000 ALTER TABLE `user_unban_applications` ENABLE KEYS */;
UNLOCK TABLES;

--
-- Dumping data for table `users`
--

LOCK TABLES `users` WRITE;
/*!40000 ALTER TABLE `users` DISABLE KEYS */;
INSERT INTO `users` VALUES (10000,'15171483964','$2a$10$HVUF5YBQdeLGoYyPOcMYx.fUZSjCl8mlE4afIgaSUq83ajH9PZOpa','15171483964',NULL,'China','','zh','none','','',NULL,'','private','ja','CN','y0','',NULL,2,0,'https://travelate.oss-cn-wuhan-lr.aliyuncs.com/yayfolk/avatars/10000.jpg','user',1,'2026-04-03 22:26:40','2026-03-10 02:52:02','2026-04-03 22:26:40',NULL,0,0,NULL,NULL,NULL),(10007,'yenOmld','$2a$10$cmYPMGS7d/wYCq.wnGbaTOBCM80X8T5Tpg62WnFz1ef6O0FL9KI4S',NULL,'2971549832@qq.com','China',NULL,'zh','none',NULL,NULL,NULL,NULL,'public',NULL,NULL,'用户6724',NULL,NULL,0,0,'https://avatars.githubusercontent.com/u/189572187?v=4','user',1,'2026-03-10 12:27:06','2026-03-10 12:11:21','2026-03-29 18:20:25','189572187',0,0,NULL,NULL,NULL),(10011,'qinjiayi_1106@qq.com','$2a$10$Bw/vbiFWTIl0ermD7JF7e.CdWtBTTWUnRl34hWP/s2LFYB09df3W2','13986074011','qinjiayi_1106@qq.com','China','','zh','approved','隽绣','https://travelate.oss-cn-wuhan-lr.aliyuncs.com/yayfolk/homepage/5a0d6698-05fc-4c22-b96d-8efcdc8b7f09.png','https://travelate.oss-cn-wuhan-lr.aliyuncs.com/yayfolk/homepage/5a0d6698-05fc-4c22-b96d-8efcdc8b7f09.png','','public','zh','CN','+1','',NULL,0,1,'https://travelate.oss-cn-wuhan-lr.aliyuncs.com/avatars/10011.png','merchant',1,'2026-04-03 22:26:03','2026-03-13 01:57:15','2026-04-03 22:26:03',NULL,0,1,NULL,NULL,NULL),(10020,'2894717528@qq.com','$2a$10$kb5zRuvBKTbthpHrGI8zyeCwvAbDbQWK8.iKLiQp89HUfmxGlihrW',NULL,'2894717528@qq.com','Japan',NULL,'zh','none',NULL,NULL,NULL,NULL,'public','zh','JP','123',NULL,NULL,0,0,'https://travelate.oss-cn-wuhan-lr.aliyuncs.com/avatars/b5e816fc-6097-4482-ad9d-81f5017317b6.jpg','user',1,'2026-03-21 03:16:11','2026-03-21 03:16:08','2026-03-21 09:48:17',NULL,0,0,NULL,NULL,NULL),(10023,'qianrui2006@qq.com','$2a$10$920GHF7Gc5Prpfh2K0PRaeNJpF/sR9DuAbK/d0l3XvG7LDzhUccvS',NULL,'qianrui2006@qq.com','China',NULL,'zh','none',NULL,NULL,NULL,NULL,'public','zh','CN','用户8346',NULL,NULL,0,0,'https://api.dicebear.com/7.x/avataaars/svg?seed=qianrui2006@qq.com','user',1,'2026-03-22 07:19:36','2026-03-22 07:19:34','2026-03-22 07:19:36',NULL,0,0,NULL,NULL,NULL),(10024,'admin','$2a$10$jPeVG0d./Wwx.UdVdJUM9egagcmwX.SmQa358BQGIaU.kucmhAzYS',NULL,'admin@yayfolk.com','China','YayFolk Admin Center','zh','none',NULL,NULL,NULL,'平台管理员账号','public','zh','CN','系统管理员',NULL,NULL,0,0,'','admin',1,'2026-03-30 15:07:31','2026-03-26 18:00:00','2026-03-30 15:07:31',NULL,1,0,NULL,NULL,NULL),(10025,'merchant_1','encrypted_password','13800000001',NULL,'China',NULL,'zh','active','京华非遗工坊',NULL,NULL,'聚焦京味非遗体验与讲解','public',NULL,NULL,'京华非遗工坊',NULL,NULL,0,0,NULL,'merchant',1,NULL,'2026-03-28 09:52:05','2026-03-28 11:15:27',NULL,0,1,NULL,NULL,NULL),(10026,'merchant_2','encrypted_password','13800000002',NULL,'China',NULL,'zh','active','苏作匠心馆',NULL,NULL,'以江南手工艺体验为主','public',NULL,NULL,'苏作匠心馆',NULL,NULL,0,0,NULL,'merchant',1,NULL,'2026-03-28 09:52:05','2026-03-28 11:15:27',NULL,0,1,NULL,NULL,NULL),(10027,'merchant_3','encrypted_password','13800000003',NULL,'China',NULL,'zh','active','金陵雅集馆',NULL,NULL,'结合传统工艺和节庆活动','public',NULL,NULL,'金陵雅集馆',NULL,NULL,0,0,NULL,'merchant',1,NULL,'2026-03-28 09:52:05','2026-03-28 11:15:27',NULL,0,1,NULL,NULL,NULL),(10028,'merchant_4','encrypted_password','13800000004',NULL,'China',NULL,'zh','active','徽州四宝社',NULL,NULL,'文房四宝主题体验空间','public',NULL,NULL,'徽州四宝社',NULL,NULL,0,0,NULL,'merchant',1,NULL,'2026-03-28 09:52:05','2026-03-28 11:15:27',NULL,0,1,NULL,NULL,NULL),(10029,'merchant_5','encrypted_password','13800000005',NULL,'China',NULL,'zh','active','蜀风非遗坊',NULL,NULL,'四川传统技艺和戏曲体验','public',NULL,NULL,'蜀风非遗坊',NULL,NULL,0,0,NULL,'merchant',1,NULL,'2026-03-28 09:52:05','2026-03-28 11:15:27',NULL,0,1,NULL,NULL,NULL),(10030,'merchant_6','encrypted_password','13800000006',NULL,'China',NULL,'zh','active','长安艺脉馆',NULL,NULL,'唐风美术主题路线运营','public',NULL,NULL,'长安艺脉馆',NULL,NULL,0,0,NULL,'merchant',1,NULL,'2026-03-28 09:52:05','2026-03-28 11:15:27',NULL,0,1,NULL,NULL,NULL),(10031,'merchant_7','encrypted_password','13800000007',NULL,'China',NULL,'zh','active','苗岭锦绣社',NULL,NULL,'少数民族非遗深度体验','public',NULL,NULL,'苗岭锦绣社',NULL,NULL,0,0,NULL,'merchant',1,NULL,'2026-03-28 09:52:05','2026-03-28 11:15:27',NULL,0,1,NULL,NULL,NULL),(10032,'merchant_8','encrypted_password','13800000008',NULL,'China',NULL,'zh','active','壮乡锦艺阁',NULL,NULL,'壮族织锦与铜鼓民俗体验','public',NULL,NULL,'壮乡锦艺阁',NULL,NULL,0,0,NULL,'merchant',1,NULL,'2026-03-28 09:52:05','2026-03-28 11:15:27',NULL,0,1,NULL,NULL,NULL),(10033,'merchant_9','encrypted_password','13800000009',NULL,'China',NULL,'zh','active','津门年艺馆',NULL,NULL,'天津春节美术类非遗体验','public',NULL,NULL,'津门年艺馆',NULL,NULL,0,0,NULL,'merchant',1,NULL,'2026-03-28 09:52:05','2026-03-28 11:15:27',NULL,0,1,NULL,NULL,NULL),(10034,'merchant_10','encrypted_password','13800000010',NULL,'China',NULL,'zh','active','齐鲁巧艺坊',NULL,NULL,'鲁派手工艺和节令体验','public',NULL,NULL,'齐鲁巧艺坊',NULL,NULL,0,0,NULL,'merchant',1,NULL,'2026-03-28 09:52:05','2026-03-28 11:15:27',NULL,0,1,NULL,NULL,NULL),(10035,'merchant_11','encrypted_password','13800000011',NULL,'China',NULL,'zh','active','中原唐艺馆',NULL,NULL,'唐风陶艺和古都体验','public',NULL,NULL,'中原唐艺馆',NULL,NULL,0,0,NULL,'merchant',1,NULL,'2026-03-28 09:52:05','2026-03-28 11:15:27',NULL,0,1,NULL,NULL,NULL),(10036,'merchant_12','encrypted_password','13800000012',NULL,'China',NULL,'zh','active','越地青瓷社',NULL,NULL,'宋韵器物与生活美学','public',NULL,NULL,'越地青瓷社',NULL,NULL,0,0,NULL,'merchant',1,NULL,'2026-03-28 09:52:05','2026-03-28 11:15:27',NULL,0,1,NULL,NULL,NULL),(10037,'merchant_13','encrypted_password','13800000013',NULL,'China',NULL,'zh','active','岭南绣作馆',NULL,NULL,'岭南传统手工艺体验','public',NULL,NULL,'岭南绣作馆',NULL,NULL,0,0,NULL,'merchant',1,NULL,'2026-03-28 09:52:05','2026-03-28 11:15:27',NULL,0,1,NULL,NULL,NULL),(10044,'api_apply_user_20260328','','13900001001','api_apply_user_20260328@example.com','China',NULL,'zh','none',NULL,NULL,NULL,NULL,'public',NULL,NULL,'Apply API Test',NULL,NULL,0,0,NULL,'user',1,NULL,'2026-03-28 12:06:18',NULL,NULL,0,0,NULL,NULL,NULL),(10045,'api_buyer_user_20260328','','13900001002','api_buyer_user_20260328@example.com','China',NULL,'zh','none',NULL,NULL,NULL,NULL,'public',NULL,NULL,'Buyer API Test',NULL,NULL,0,0,NULL,'user',1,NULL,'2026-03-28 12:06:18',NULL,NULL,0,0,NULL,NULL,NULL),(10047,'Jane','$2a$10$J2K9yzmTUGrd2EBCIFC0vOfBt6486EQcziII1l1DAh7UVCAVP0n4i',NULL,'Jane@yayfolk.com','China',NULL,NULL,'none',NULL,NULL,NULL,NULL,'public',NULL,NULL,'Jane',NULL,NULL,0,1,'https://api.dicebear.com/7.x/avataaars/svg?seed=Jane','admin',1,'2026-04-03 22:12:21','2026-03-28 21:33:22','2026-04-03 22:12:21',NULL,0,0,NULL,NULL,NULL);
/*!40000 ALTER TABLE `users` ENABLE KEYS */;
UNLOCK TABLES;
/*!50003 SET @saved_cs_client      = @@character_set_client */ ;
/*!50003 SET @saved_cs_results     = @@character_set_results */ ;
/*!50003 SET @saved_col_connection = @@collation_connection */ ;
/*!50003 SET character_set_client  = utf8mb4 */ ;
/*!50003 SET character_set_results = utf8mb4 */ ;
/*!50003 SET collation_connection  = utf8mb4_0900_ai_ci */ ;
/*!50003 SET @saved_sql_mode       = @@sql_mode */ ;
/*!50003 SET sql_mode              = 'ONLY_FULL_GROUP_BY,STRICT_TRANS_TABLES,NO_ZERO_IN_DATE,NO_ZERO_DATE,ERROR_FOR_DIVISION_BY_ZERO,NO_ENGINE_SUBSTITUTION' */ ;
DELIMITER ;;
/*!50003 CREATE*/ /*!50017 DEFINER=`root`@`localhost`*/ /*!50003 TRIGGER `trg_users_bi_set_is_merchant` BEFORE INSERT ON `users` FOR EACH ROW BEGIN
    SET NEW.is_merchant = CASE
        WHEN COALESCE(NEW.role, 'user') = 'merchant' THEN 1
        WHEN COALESCE(NEW.shop_status, 'none') IN ('approved', 'active') THEN 1
        ELSE COALESCE(NEW.is_merchant, 0)
    END;
END */;;
DELIMITER ;
/*!50003 SET sql_mode              = @saved_sql_mode */ ;
/*!50003 SET character_set_client  = @saved_cs_client */ ;
/*!50003 SET character_set_results = @saved_cs_results */ ;
/*!50003 SET collation_connection  = @saved_col_connection */ ;
/*!50003 SET @saved_cs_client      = @@character_set_client */ ;
/*!50003 SET @saved_cs_results     = @@character_set_results */ ;
/*!50003 SET @saved_col_connection = @@collation_connection */ ;
/*!50003 SET character_set_client  = utf8mb4 */ ;
/*!50003 SET character_set_results = utf8mb4 */ ;
/*!50003 SET collation_connection  = utf8mb4_0900_ai_ci */ ;
/*!50003 SET @saved_sql_mode       = @@sql_mode */ ;
/*!50003 SET sql_mode              = 'ONLY_FULL_GROUP_BY,STRICT_TRANS_TABLES,NO_ZERO_IN_DATE,NO_ZERO_DATE,ERROR_FOR_DIVISION_BY_ZERO,NO_ENGINE_SUBSTITUTION' */ ;
DELIMITER ;;
/*!50003 CREATE*/ /*!50017 DEFINER=`root`@`localhost`*/ /*!50003 TRIGGER `trg_users_ai_sync_merchant_profile` AFTER INSERT ON `users` FOR EACH ROW BEGIN
    IF NEW.role = 'merchant' OR COALESCE(NEW.shop_status, 'none') <> 'none' THEN
        CALL sp_upsert_merchant_profile_from_user(NEW.id);
    END IF;
END */;;
DELIMITER ;
/*!50003 SET sql_mode              = @saved_sql_mode */ ;
/*!50003 SET character_set_client  = @saved_cs_client */ ;
/*!50003 SET character_set_results = @saved_cs_results */ ;
/*!50003 SET collation_connection  = @saved_col_connection */ ;
/*!50003 SET @saved_cs_client      = @@character_set_client */ ;
/*!50003 SET @saved_cs_results     = @@character_set_results */ ;
/*!50003 SET @saved_col_connection = @@collation_connection */ ;
/*!50003 SET character_set_client  = utf8mb4 */ ;
/*!50003 SET character_set_results = utf8mb4 */ ;
/*!50003 SET collation_connection  = utf8mb4_0900_ai_ci */ ;
/*!50003 SET @saved_sql_mode       = @@sql_mode */ ;
/*!50003 SET sql_mode              = 'ONLY_FULL_GROUP_BY,STRICT_TRANS_TABLES,NO_ZERO_IN_DATE,NO_ZERO_DATE,ERROR_FOR_DIVISION_BY_ZERO,NO_ENGINE_SUBSTITUTION' */ ;
DELIMITER ;;
/*!50003 CREATE*/ /*!50017 DEFINER=`root`@`localhost`*/ /*!50003 TRIGGER `trg_users_bu_set_is_merchant` BEFORE UPDATE ON `users` FOR EACH ROW BEGIN
    SET NEW.is_merchant = CASE
        WHEN COALESCE(NEW.role, 'user') = 'merchant' THEN 1
        WHEN COALESCE(NEW.shop_status, 'none') IN ('approved', 'active') THEN 1
        WHEN EXISTS (
            SELECT 1
            FROM merchant_profiles mp
            WHERE mp.user_id = OLD.id
              AND mp.business_status IN ('approved', 'active')
        ) THEN 1
        ELSE 0
    END;
END */;;
DELIMITER ;
/*!50003 SET sql_mode              = @saved_sql_mode */ ;
/*!50003 SET character_set_client  = @saved_cs_client */ ;
/*!50003 SET character_set_results = @saved_cs_results */ ;
/*!50003 SET collation_connection  = @saved_col_connection */ ;
/*!50003 SET @saved_cs_client      = @@character_set_client */ ;
/*!50003 SET @saved_cs_results     = @@character_set_results */ ;
/*!50003 SET @saved_col_connection = @@collation_connection */ ;
/*!50003 SET character_set_client  = utf8mb4 */ ;
/*!50003 SET character_set_results = utf8mb4 */ ;
/*!50003 SET collation_connection  = utf8mb4_0900_ai_ci */ ;
/*!50003 SET @saved_sql_mode       = @@sql_mode */ ;
/*!50003 SET sql_mode              = 'ONLY_FULL_GROUP_BY,STRICT_TRANS_TABLES,NO_ZERO_IN_DATE,NO_ZERO_DATE,ERROR_FOR_DIVISION_BY_ZERO,NO_ENGINE_SUBSTITUTION' */ ;
DELIMITER ;;
/*!50003 CREATE*/ /*!50017 DEFINER=`root`@`localhost`*/ /*!50003 TRIGGER `trg_users_au_sync_merchant_profile` AFTER UPDATE ON `users` FOR EACH ROW BEGIN
    IF NEW.role = 'merchant' OR COALESCE(NEW.shop_status, 'none') <> 'none' THEN
        CALL sp_upsert_merchant_profile_from_user(NEW.id);
    END IF;
END */;;
DELIMITER ;
/*!50003 SET sql_mode              = @saved_sql_mode */ ;
/*!50003 SET character_set_client  = @saved_cs_client */ ;
/*!50003 SET character_set_results = @saved_cs_results */ ;
/*!50003 SET collation_connection  = @saved_col_connection */ ;
/*!40103 SET TIME_ZONE=@OLD_TIME_ZONE */;

/*!40101 SET SQL_MODE=@OLD_SQL_MODE */;
/*!40014 SET FOREIGN_KEY_CHECKS=@OLD_FOREIGN_KEY_CHECKS */;
/*!40014 SET UNIQUE_CHECKS=@OLD_UNIQUE_CHECKS */;
/*!40101 SET CHARACTER_SET_CLIENT=@OLD_CHARACTER_SET_CLIENT */;
/*!40101 SET CHARACTER_SET_RESULTS=@OLD_CHARACTER_SET_RESULTS */;
/*!40101 SET COLLATION_CONNECTION=@OLD_COLLATION_CONNECTION */;
/*!40111 SET SQL_NOTES=@OLD_SQL_NOTES */;

-- Dump completed on 2026-04-03 22:51:36
